video_id,date_posted,platform,creator_handle,video_url,burned_in_title,caption,views,likes,comments,shares,saves,duration_sec,niche,hook_family,notes,visual_description,title_template
1,2026-07-14,reels,aligordon,https://www.instagram.com/p/Dax_QzJszQR/,This says more about you than the shoes..,The way we care for our possessions says more than the possessions themselves. It’s easy to admire something when it’s new. Taking the time to look after it years later is a different kind of appreciation. Time spent caring and nurturing is very satisfying.,412074,23386,133,,,20.942,luxury-menswear,,,"A well-groomed man meticulously polishes a pair of black Oxford dress shoes using a shoe care kit — including a brush, polish tin, cloth, and shoe trees — on a leather desk mat inside a luxury dressing room, finishing by holding the completed shoes up for display. The man holds up a pair of mirror-polished black Oxford shoes — soles facing the camera — with a confident direct stare, framed between two illuminated wardrobe columns, as the on-screen text reads ""This says more about you than the shoes..""",This says more about you than the shoes..
2,2026-06-28,reels,aligordon,https://www.instagram.com/p/DaIvftTooSU/,Nobody warns you about this in your 30's,The level of satisfaction I got from seeing the first bird use this was… concerning.,302638,38480,401,,,22.476,luxury-menswear,,,"A well-built man in his apparent 30s moves through a lush English country estate performing various garden chores — unloading a bird bath from an Aston Martin, placing and filling it in a wildflower meadow, hosing it down, raking gravel, and finally leaning over the filled basin shirtless among daisies — all overlaid with the text ""Nobody warns you about this in your 30's."" A shirtless, physically fit man leans bare over a rustic garden bird bath surrounded by wild daisies, with an Aston Martin parked behind hydrangeas in the opening shot — the contrast of wealth and mundane chores is the punchline.",Nobody warns you about this in your 30's
3,2026-06-10,reels,aligordon,https://www.instagram.com/p/DZadKtEs0jd/,Unboxing my dream coffee machine,"The beginning of a very expensive espresso… 

Machine La Marzocco Mini R. Custom Specht design.",459506,54591,638,,,26.98,luxury-menswear,,,"A well-dressed man unboxes and sets up a large, mirror-polished La Marzocco espresso machine in a beautifully styled kitchen, progressing from a massive fragile-taped shipping crate to the fully revealed machine gleaming on a butcher-block island. A mirror-polished La Marzocco espresso machine with walnut-and-brass ""Specht"" portafilter accents sits fully revealed on a rustic butcher-block island beneath vintage glass pendants — the ultimate kitchen flex.",Unboxing my dream coffee machine
4,2026-05-12,reels,aligordon,https://www.instagram.com/p/DYPx3IYsZIO/,What is it about the gardens that fascinates you so much?,Somethings just need to be seen…,354454,11447,138,,,33.41299819946289,luxury-menswear,,,"A well-dressed couple converses at a rustic stone gate before strolling hand-in-hand through the lush grounds of a grand English country estate, with cutaways to the ivy-clad Georgian mansion, ornamental iron gates, wisteria in full bloom, and dense beds of pink tulips and purple flowers. A cascade of vivid purple wisteria draping the stone facade of a grand Georgian manor against a cloudless blue sky, paired with an ornate crown-topped iron gate opening into a flower-filled secret garden.",What is it about the gardens that fascinates you so much?
5,2026-05-04,reels,aligordon,https://www.instagram.com/p/DX7QEMUoCgb/,This and not overthinking the caption.,👫🏻,376389,10722,106,,,12.352999687194824,luxury-menswear,,,"A well-dressed couple walks hand-in-hand across a lush green lawn in front of a large ivy-covered stone manor house, laughing and glancing at each other throughout the clip. An impeccably dressed couple strolls hand-in-hand across a sun-drenched English manor lawn with the caption ""This and not overthinking the caption."" overlaid — a visually perfect scene paired with deliberate self-aware nonchalance.",This and not overthinking the caption.
6,2026-05-27,reels,aligordon,https://www.instagram.com/p/DY2WRfPMOyx/,Huge fan of whatever you call this.,evenings like this,190317,21561,193,,,8.5,luxury-menswear,,,"A man and a woman sit across from each other at a small white-clothed bistro table nestled within a lush, overgrown cottage garden, sharing drinks in warm golden light. A couple tucked inside an explosion of wild green garden growth, framed by maple leaves overhead and a charming brick cottage behind them, with glowing golden sunlight saturating the entire scene — overlaid with the text ""Huge fan of whatever you call this.""",Huge fan of whatever you call this.
7,2026-06-23,reels,bielvalldo,https://www.instagram.com/p/DZ7pMULo82V/,just a boy who loves fashion,Nothing else,229051,14812,45,,,10.125,luxury-menswear,,,"A young man cycles through five distinct curated outfits across multiple New York City street and architectural locations, posing confidently in each look while on-screen text reads ""just a boy who loves fashion."" Five head-to-toe outfit changes — ranging from a cream polo with wide-leg jeans to a full taupe double-breasted suit — each staged against a cinematic NYC backdrop, creating a lookbook-style fashion montage.",just a boy who loves fashion
8,2026-07-08,reels,bielvalldo,https://www.instagram.com/p/DaiSof4I7H6/,POV: your barber is Italian 🇮🇹,"Italian haircut 🇮🇹

Best barber in San Francisco @antonio_monaco17",4728410,226815,482,,,32.36600112915039,luxury-menswear,,,"A well-dressed young man arrives at a barbershop, greets his Italian barber with an enthusiastic handshake-and-shoulder-grab, then sits for a full haircut transformation captured in mirror selfies and close-up styling shots. The barber greets the client with an over-the-top double-handed handshake and shoulder grab outside the shop — pure Italian hospitality energy — before sculpting his hair into a sleek old-money pompadour.",POV: your barber is Italian 🇮🇹
9,2026-07-16,reels,bielvalldo,https://www.instagram.com/p/Da3IqqSon0o/,POV: your barber is Italian 🇮🇹,Italian haircut in San Francisco 🇮🇹,962867,53313,113,,,32.36600112915039,luxury-menswear,,,"A young man in a cream suit visits a barbershop, is greeted warmly by his Italian barber outside, then receives an elaborate haircut inside the shop — shown through mirror selfies and close-up cutting shots — with the on-screen text ""POV: your barber is Italian 🇮🇹."" The barber bursts into full laughter while shaping the client's slicked-back hair, perfectly embodying the ""Italian barber"" stereotype mid-cut.",POV: your barber is Italian 🇮🇹
10,2026-06-30,reels,bielvalldo,https://www.instagram.com/p/DaN2bYSIAn3/,When the most stylish guy around compliments you and joins your fit check,Gentlemen recognize gentlemen 🤝🏽,535744,25705,42,,,12.932999610900879,luxury-menswear,,,"A well-dressed young man filming a solo street fit check in front of a grand Gothic-style building is approached by a passing stranger in an equally stylish outfit, who compliments him and joins the video, ending in the two laughing and embracing. Two impeccably dressed strangers sharing a warm hug on a city sidewalk in front of a dramatic Gothic archway, both grinning — a spontaneous style bromance captured mid-embrace.",When the most stylish guy around compliments you and joins your fit check
11,2026-05-19,reels,bielvalldo,https://www.instagram.com/p/DYhlqjqo9Kj/,Old money outfit,Old money outfit idea | GRWM,1350239,51726,176,,,25.865999221801758,luxury-menswear,,,"A young man performs a step-by-step ""old money"" outfit build, starting shirtless in blue swim briefs pulling on grey trousers, then layering a striped blue-and-white dress shirt (branded ""The Nines""), cream pleated trousers, a dark brown leather belt, brown suede penny loafers, a blue knit tie, and finally a navy double-breasted blazer with gold buttons. The dramatic transformation from shirtless in blue swim briefs to a fully composed navy blazer, striped shirt, blue tie, and cream pleated trousers — sold as an ""old money outfit"" — plays out in a single seamless build.",Old money outfit
12,2026-06-08,reels,bielvalldo,https://www.instagram.com/p/DZVE2xdI0mc/,Summer otw. No girlfriend. World Cup 2026. Gym 5x a week. Same 3 friends. LIFE IS GOOD.,Life is good,586828,27199,40,,,7.5,luxury-menswear,,,"A young man sits alone on a concrete waterfront ledge facing San Francisco Bay, watching the Angel Island ferry cross the water against a hazy city skyline, while bold white text overlaid on the frame reads: ""Summer otw. No girlfriend. World Cup 2026. Gym 5x a week. Same 3 friends. LIFE IS GOOD."" The contrast between the lone figure sitting contentedly by himself on a sun-drenched bay ledge and the unapologetically single, gym-bro ""LIFE IS GOOD"" manifesto text floating over the water creates an instantly relatable and humorous visual punchline.",Summer otw. No girlfriend. World Cup 2026. Gym 5x a week. Same 3 friends. LIFE IS GOOD.
13,2026-06-03,reels,bielvalldo,https://www.instagram.com/p/DZINqlJIbiy/,Dressing without logos,Just give me good clothes,354390,22675,109,,,9.866999626159668,luxury-menswear,,,"A young man showcases multiple logo-free outfits across several urban and outdoor California locations, cycling through looks ranging from business formal to casual coastal. The man strides along a waterfront road in an unbuttoned striped shirt, white wide-leg trousers, and dark sunglasses — a cinematic, logo-free look that reads like a European film still.",Dressing without logos
14,2026-04-30,reels,bielvalldo,https://www.instagram.com/p/DXwl9pOocIQ/,Born to dress like this.,Elegance above all,554946,43593,76,,,8.458000183105469,luxury-menswear,,,"A young man cycles through multiple tailored outfits across several urban locations, posing confidently against classical architecture and city streets, with the caption ""Born to dress like this."" appearing throughout. A floor-length chocolate-brown wool overcoat dramatically parted open to reveal a silk lining, worn over a black suit against ornate stone carvings.",Born to dress like this.
15,2026-07-18,reels,budrys.jr,https://www.instagram.com/p/Da8ZLLPIUqD/,discussing the downfall of the third bro,gotta have a chat with him,189339,9454,69,,,8.985,luxury-menswear,,,"Two young men in matching black tuxedos with bow ties stand close together, animatedly conversing and gesturing throughout the clip, with on-screen text reading ""discussing the downfall of the third bro."" Two sharply dressed men in identical black tuxedos huddle together gossiping about an absent third friend, framed by an elegant event backdrop.",discussing the downfall of the third bro
16,2026-05-08,reels,budrys.jr,https://www.instagram.com/p/DYGIgFzI94q/,"""perfume has no effect on girls""",,895901,125793,230,,,6.686,luxury-menswear,,,"A well-dressed young man in an all-black suit and tie speaks to camera while riding a crowded London Underground train, with women behind him visibly smiling and reacting, as an on-screen caption reads ""perfume has no effect on girls."" Women behind him are grinning and visibly reacting while the caption sarcastically reads ""perfume has no effect on girls,"" creating an instant comedic contradiction.","""perfume has no effect on girls"""
17,2026-07-17,reels,budrys.jr,https://www.instagram.com/p/Da5vDCqIII0/,being kind is the most attractive fit,doesn’t cost nada,110781,6135,56,,,7.8,luxury-menswear,,,"A tall, well-dressed young man strides confidently along an upscale city pavement, carrying a large leather duffle bag, with on-screen text reading ""being kind is the most attractive fit."" The man's model-like stride and effortlessly polished outfit — navy knit polo, wide-leg grey trousers, gold watch, and oversized leather duffle — set against a grand London streetscape make for an instantly thumb-stopping aesthetic frame.",being kind is the most attractive fit
18,2026-07-16,reels,budrys.jr,https://www.instagram.com/p/Da3KgOqoGy7/,your skin deserves 5 minutes,"small habits 

@takami 
@ceraveuki",111577,4128,77,,,10.935,luxury-menswear,,,"A shirtless young man with wavy brown hair and a chest tattoo demonstrates a quick skincare routine, applying product with a gua-sha-style tool and his hands across his face and jawline, progressing to a finished glowing result. The before-to-after contrast of dull bare skin transforming into a visibly dewy, glass-skin glow after just a few product application steps.",your skin deserves 5 minutes
19,2026-07-17,reels,bycarlosroberto,https://www.instagram.com/p/Da5nnZFREP6/,"""I'M TOO TALL"" ""I'M TOO SHORT"" TO DRESS LIKE THAT: PROPORTIONS OVER HEIGHT!","Guys always making excuses, but honestly it’s a lazy excuse to not dress better. Investment wise, it’s as big as you want to go. There are brands doing MTM starting at $500 to $5000.

The most important thing is to understand your proportions. 

Heres the perfect example of a 6’1, 6’2 and 5’7 all in suits, not all MTM but selecting pieces that follow our individual proportions. 

Ask questions.",155333,3489,13,,,16.06599998474121,luxury-menswear,,,"A tall, well-dressed young man in a navy double-breasted blazer and cream trousers poses, walks, and interacts with two shorter men in contrasting suits on a Manhattan street in front of a Gothic Revival building, illustrating a menswear proportions-over-height style concept. The stark height contrast between the tall focal subject and his two shorter companions — all dressed in different tailored suits — directly visualizes the ""proportions over height"" argument stated in the bold on-screen text overlay.","""I'M TOO TALL"" ""I'M TOO SHORT"" TO DRESS LIKE THAT: PROPORTIONS OVER HEIGHT!"
20,2026-04-29,reels,bycarlosroberto,https://www.instagram.com/p/DXuPVAkjmk0/,When Times New Roman meets Didot,"At the end of the day, we’re all just writing our story 🤣",633435,66098,101,,,14.209,luxury-menswear,,,"A tall young man in a brown double-breasted suit poses and then greets a second stylishly dressed man in a navy oversized suit outside a grand Gothic-arched building, the two laughing and playfully interacting on the street. Two contrasting menswear aesthetics — a structured brown double-breasted suit versus a fluid navy oversized suit — collide in front of a dramatic Gothic stone archway, framed by the on-screen text ""When Times New Roman meets Didot.""",When Times New Roman meets Didot
21,2026-07-19,reels,bycarlosroberto,https://www.instagram.com/p/Da-leSLu1gI/,Kids are asleep. Bills are paid. Wife's happy. Why does peace feel suspicious?,The war is over… now I’m just waiting for the plot twist.,45497,1629,86,,,9.932999610900879,luxury-menswear,,,"A bearded man with curly hair reclines against a couch or headboard, eyes closed, alternating between smoking a cigar and resting with it lowered, bathed in warm golden-hour light, while on-screen text reads ""Kids are asleep. Bills are paid. Wife's happy. Why does peace feel suspicious?"" A man with eyes closed and a cigar raised to his lips, draped in warm golden light and lattice shadows, embodying hard-won domestic peace — while the overlaid text wryly questions why it feels suspicious.",Kids are asleep. Bills are paid. Wife's happy. Why does peace feel suspicious?
22,2026-07-07,reels,bycarlosroberto,https://www.instagram.com/p/DaeVoBBO_YH/,Real-time dream team,When they run up not to fight but to show the outfit 🤝🤝,61882,2229,4,,,12.164999961853027,luxury-menswear,,,"A tall, well-dressed young man in a navy double-breasted blazer and cream trousers stands on a city sidewalk in front of a grand Gothic-style stone building; over the course of the video, two other stylishly dressed men approach one by one, greeting him with handshakes and laughter, assembling a trio on the street. Three distinctly styled men — navy blazer with cream trousers, a grey oversized suit, and a retro brown suit with a paisley tie — converge in front of a towering Gothic stone archway, creating a spontaneous fashion editorial moment on the street.",Real-time dream team
23,2026-07-22,reels,bycarlosroberto,https://www.instagram.com/p/DbGKo2jRYjw/,We dress like your grandpa... and drive his Porsche too,Normalize having friends with impeccable taste.,13089,-1,8,,,13.68,luxury-menswear,,,"Two young men dressed in vintage-style tailored vests and dress shirts arrive at, get into, and drive a classic red Porsche 911 on a gravel road, with the on-screen text reading ""We dress like your grandpa… and drive his Porsche too."" A smoke-exhaling man in a crisp white dress shirt hangs his arm out the window of a moving cherry-red vintage Porsche 911, oozing effortless old-money cool.",We dress like your grandpa... and drive his Porsche too
24,2026-07-03,reels,bycarlosroberto,https://www.instagram.com/p/DaT_9nLRmQp/,When luxury meets confidence.,Two worlds aligned 🕺🏽🕺🏽,51155,4100,9,,,13.14,luxury-menswear,,,"A tall young man in a navy double-breasted blazer and khaki trousers poses and walks in front of a grand Gothic-style stone building, briefly joined by a second man in a grey blazer and black outfit for a playful embrace before continuing solo. The subject's navy double-breasted blazer with gold buttons frames him against an ornate Gothic stone archway, creating a striking old-money aesthetic on a New York City street.",When luxury meets confidence.
25,2026-04-29,reels,bycarlosroberto,https://www.instagram.com/p/DXuQWxdEVDG/,Garamond meets Playfair.,Same language. Different expression.,171132,10382,16,,,14.399999618530273,luxury-menswear,,,"A tall young man in a brown double-breasted suit walks out from behind a Gothic-arched building, poses solo on the sidewalk, then warmly greets a shorter man in a dark navy suit who approaches carrying a red garment, the two laughing and touching chests in an animated reunion. Two contrasting style archetypes — one in tailored earth-tone classicism, one in loose dark modernity — meet with exaggerated joy against a dramatic Gothic archway, with the on-screen text ""Garamond meets Playfair"" framing the clash as a typography-inspired fashion concept.",Garamond meets Playfair.
26,2025-08-20,reels,henryjwade,https://www.instagram.com/p/DNknB46KrHi/,"Giving a famous chef a £1,500 style transformation","From serving plates to serving looks…no more kitchen nightmares @elburritomonster 

#stylechallenge #mensfashion #gentleman #transformation",190761,5066,157,,,47.366,luxury-menswear,,,"A well-groomed male style advisor introduces the premise of giving a famous chef a £1,500 style transformation, then meets the casually dressed chef on a London street, eats burritos with him, inspects his Birkenstock sandals and knee brace, and walks him into a T.M. Lewin menswear store. A close-up shot of the chef's worn Birkenstock sandals and black knee brace on a London pavement, captioned ""you won't believe how well this guy scrubs up,"" sets up the transformation punchline.","Giving a famous chef a £1,500 style transformation"
27,2025-03-12,reels,henryjwade,https://www.instagram.com/p/DHGE3k-KM1Z/,"Me, you & a sunset drive in the Aston Martin?","“I’ll pick you up at 8” 

@astonmartin 

#cars #menwithclass #luxury #style",235100,25717,182,,,13,luxury-menswear,,,"A well-dressed young man approaches, enters, and drives a deep-blue Aston Martin through London streets at sunset, with shots alternating between exterior glamour angles and close-up interior details. A gleaming deep-blue Aston Martin silhouetted against a burning London sunset, with its ""ASTON MARTIN"" badge glowing gold in the dying light.","Me, you & a sunset drive in the Aston Martin?"
28,2026-07-21,reels,henryjwade,https://www.instagram.com/p/DbECazWtvo4/,Number 1 tourist mistake in New York...,"Us Brits love a good queue tbf…

#NewYork #travelling #america #bagels",4926,41,1,,,24.766,luxury-menswear,,,"A well-dressed man walks along a New York City sidewalk, speaking directly to camera in front of recognizable storefronts including Lupa Osteria Romana, explaining that tourists waste time standing in long queues for popular food spots when they could simply order online for pickup. A packed street-side outdoor dining queue stretching all the way to the bottom of a NYC block, visually proving the tip's stakes.",Number 1 tourist mistake in New York...
29,2025-06-19,reels,henryjwade,https://www.instagram.com/p/DLFEy8CqlNz/,POV: you got full access to Tommy Hilfiger's closet,"Got the nod of approval from @tommyhilfiger 

#mensfashion #style #fashion #florence #italy",154369,12657,139,,,51.9,luxury-menswear,,,"A content creator documents a Tommy Hilfiger brand experience in Florence, Italy, showcasing outfits styled from the brand's closet, a grand Florentine palazzo venue with frescoed ceilings, and a luxury hotel suite bed covered in Tommy Hilfiger bags and garments. A hotel suite bed completely covered in multiple Tommy Hilfiger monogram tote bags, garments, and accessories laid out like a personal fashion showroom.",POV: you got full access to Tommy Hilfiger's closet
30,2026-07-21,reels,henryjwade,https://www.instagram.com/p/DbD55tIN3TR/,Find someone who treats you like FIFA treat Argentina 🙏,"You’ll be looked after very well 🫶🏼☝🏻

#fifa #messi #worldcup #gentleman #relationship",1638,39,0,,,10.2,luxury-menswear,,,"A well-dressed couple sits at a small marble bistro table on a luxury resort terrace, pouring, toasting, and sipping white wine together while overlaid text reads ""Find someone who treats you like FIFA treat Argentina 🙏"". A perfectly dressed couple clinks wine glasses at a marble bistro table against a sun-drenched resort backdrop, with the cheeky FIFA/Argentina caption creating a humorous contrast to the opulent setting.",Find someone who treats you like FIFA treat Argentina 🙏
31,2026-07-08,reels,henryjwade,https://www.instagram.com/p/DaiZwxktED1/,The art of dressing classy,"You can never be overdressed at Wimbledon 🍓🍹

#wimbledon #tennis #centecourt #pimms",881,507,7,,,7.066,luxury-menswear,,,"A tall, sharply dressed young man walks confidently through the grounds of Wimbledon carrying a tray of Pimm's cups, with text overlay reading ""The art of dressing classy."" The man coolly slides on dark sunglasses mid-stride while balancing a full tray of Pimm's cocktails, standing out dramatically against a casually dressed Wimbledon crowd.",The art of dressing classy
32,2026-07-10,reels,henryjwade,https://www.instagram.com/p/Dam6WUmtHik/,"Marry the man who irons your dinner outfit while you get ready instead of saying ""hurry up""","Order her a cocktail too while you’re at it 🙋🏻‍♂️🍹

#gentleman #style #couple #mensfashion",699303,33625,357,,,7.466,luxury-menswear,,,"A well-dressed man in a black suit and patterned tie carefully irons dark clothing on a compact ironing board inside a luxury hotel room, with on-screen text reading ""Marry the man who irons your dinner outfit while you get ready instead of saying 'hurry up'."" A fully suited, polished man bent over a travel ironing board pressing clothes — the juxtaposition of formal attire and domestic care in a luxury hotel setting is immediately striking.","Marry the man who irons your dinner outfit while you get ready instead of saying ""hurry up"""
33,2026-07-26,reels,henryjwade,https://www.instagram.com/p/DbQJGGhKRlz/,"""If you buy one, I'll buy one""","Why you copying me bruh? 

 #twins #astonmartin",426607,24747,186,,,15.533,luxury-menswear,,,"Two well-dressed young men walk through upscale London streets, gesturing and talking to camera, before the video reveals two matching black Aston Martin sports cars parked side by side in a cobblestone mews, with the persistent caption ""If you buy one, I'll buy one"" throughout. Two identical black Aston Martins parked side by side in a London cobblestone mews — the punchline payoff to the ""if you buy one, I'll buy one"" dare.","""If you buy one, I'll buy one"""
34,2026-07-04,reels,henryjwade,https://www.instagram.com/p/DaYWNrdN_XC/,Simple outfit because the Paddock Pass is the fit,"Every outfit is better with a few solid accessories 🙄 🏎️

#mensfashion #f1 #style #grandprix #silverstone",4454,423,2,,,10.61,luxury-menswear,,,"A young man shows off his outfit at an F1 paddock, first holding up a yellow F1 paddock pass on a lanyard close to camera, then walking and posing in front of a Cadillac Formula team hospitality unit. A bright yellow F1 paddock pass badge held up directly to the camera, presented as the centerpiece accessory of the entire outfit.",Simple outfit because the Paddock Pass is the fit
35,2026-07-02,reels,henryjwade,https://www.instagram.com/p/DaSPu4fNoX1/,Won't be a second date but at least she knows why Novak Djokovic is the goat of Wimbledon 🎾,"She left learning something new…

#wimbledon #djokovic #tennis #wimbledon2026",181423,35566,371,,,9.519,luxury-menswear,,,"A well-dressed man seated in the Wimbledon stands talks to camera while holding a drink, then the video cuts to close court-side footage of a tennis player in all-white serving and bouncing a ball on the grass court before a packed crowd. A suited man holding a drink confidently addresses the camera courtside at Wimbledon while on-screen text admits the date is already a failure — all while a tennis player executes a powerful serve just behind him.",Won't be a second date but at least she knows why Novak Djokovic is the goat of Wimbledon 🎾
36,2026-07-24,reels,henryjwade,https://www.instagram.com/p/DbLMIvjtsDs/,Me at bros wedding wearing my my most attractive suit to show him what he's lost,"The one that got away 💔 

#wedding #friends #mensfashion #gentleman",163682,3620,53,,,8.4,luxury-menswear,,,"A sharply dressed young man in a black double-breasted tuxedo poses and walks around an outdoor wedding venue, striking confident poses beside a long decorated banquet table while on-screen text reads ""Me at bros wedding wearing my most attractive suit to show him what he's lost."" The man strikes a runway-level power pose beside an elegantly set wedding banquet table in a perfectly fitted tuxedo, owning the venue with deliberate, almost theatrical confidence.",Me at bros wedding wearing my my most attractive suit to show him what he's lost
37,2026-07-05,reels,henryjwade,https://www.instagram.com/p/DabSsVMNEzI/,Winners podium of the British Grand Prix 🏎️,"That’s one way to use champagne 😮‍💨🏎️

#ferrari #grandprix #silverstone #f1",7067,1108,2,,,10.61,luxury-menswear,,,"A man in a designer leather jacket films himself at the British Grand Prix winners podium celebration, with colorful confetti filling the sky, massive crowds on the circuit, and F1 drivers spraying champagne on the official podium. F1 drivers drench each other in champagne spray on the Pirelli-branded podium while multicolored confetti explodes across the entire sky above a massive crowd of thousands.",Winners podium of the British Grand Prix 🏎️
38,2026-06-26,reels,henryjwade,https://www.instagram.com/p/DaC3qyxNqg-/,Tennis season >,"Tennis > Football 🎾 

Mallorca tennis, wearing @lucafaloni summer doesn’t get much cleaner #LFmoments ad

#mensfashion #wimbledon #tennis #gentleman",17969,1897,71,,,11.283,luxury-menswear,,,"A lifestyle montage cutting between live ATP grass-court tennis action and stylish spectators enjoying the tournament atmosphere at Mallorca Country Club, with branded Luca Faloni and Vanda sponsorship visible throughout. A man in a deep-red linen shirt holds a glass of white wine courtside on the grass-court terrace, embodying the effortless luxury of watching elite tennis in Mallorca.",Tennis season >
39,2026-06-29,reels,henryjwade,https://www.instagram.com/p/DaKmUw2tUB9/,This and not knowing what day it is...,"How I want to spend the rest of my days…

Dressed appropriately in @tommyhilfiger 

Also available at @nextoffical ad 

#TommyFamily #gentleman #style #mensfashion",17379,3547,35,,,14.133,luxury-menswear,,,"A well-dressed couple cycles through multiple luxury vacation moments — lounging at a 5-star hotel pool, playing Uno on sun loungers, diving into a resort pool, strolling past upscale boutiques, and posing at a yacht-filled marina — all captioned ""This and not knowing what day it is..."" A person mid-dive splashing into a crystal-clear luxury hotel pool flanked by rows of striped umbrellas and a grand white resort facade.",This and not knowing what day it is...
40,2026-07-01,reels,henryjwade,https://www.instagram.com/p/DaQWuyUtAvw/,"""Must be nice..."" It is","Wimbledon, centre court and @pimmsgb … it is 🎾🍹

#Wimbledon #pimms #mensfashion #tennis #britishsummer",514913,15567,227,,,9.9,luxury-menswear,,,"A sharply dressed young man in a navy blazer, light blue shirt, and polka-dot tie strides confidently through the crowded grounds of Wimbledon carrying a tray of Pimm's cups, with on-screen text reading ""Must be nice…"" / ""It is."" The man sips directly from one of the Pimm's cups on the tray while walking through the Wimbledon crowd in full blazer-and-tie attire, making it look effortlessly elite.","""Must be nice..."" It is"
41,2026-06-23,reels,henryjwade,https://www.instagram.com/p/DZ7yhFiNzuL/,I like Aperol and Aperol likes me... Not all relationships need to be complicated...,"My forever situationship 🫶🏼

#travel #situationship #spain #europe #aperol",215531,18642,78,,,7.5,luxury-menswear,,,"A stylish young man in an all-white linen outfit strolls through a busy, upscale open-air beach club restaurant holding an Aperol Spritz, with on-screen text reading ""I like Aperol and Aperol likes me... Not all relationships need to be complicated..."" A model-esque man in all-white confidently walks through a packed luxury beach club holding a vibrant orange Aperol Spritz, owning the room.",I like Aperol and Aperol likes me... Not all relationships need to be complicated...
42,2026-07-18,reels,henryjwade,https://www.instagram.com/p/Da7ittDt7o9/,"Ladies, it's the first date and he pulls out this to pay...what do you do?","My lowkey way of telling her I’m Batman 🦇

#date #amex #gentleman #brucewayne #batman",554315,13872,1478,,,7.40500020980835,luxury-menswear,,,"A well-dressed young man sits at a upscale restaurant table, calmly pulling out a novelty Batman-branded wallet to pay the bill on what is framed as a first date scenario. A visibly childish, Batman-logo novelty wallet being opened and used to pay the bill at a clearly high-end restaurant, creating a jarring contrast with the man's polished, sophisticated appearance.","Ladies, it's the first date and he pulls out this to pay...what do you do?"
43,2026-07-05,reels,henryjwade,https://www.instagram.com/p/Daa3NQVtLJX/,"Cute affordable date idea:
Two Paddock Passes for F1 weekend at the British Grand Prix","Skip dinner and head straight to the F1 🏎️☝🏻 

#britishgrandprix #mensfashion #date #relationship",16140,2852,37,,,10.308,luxury-menswear,,,"A young man with a paddock pass poses in the F1 paddock at Silverstone, followed by close overhead and pit-lane-level shots of multiple Formula 1 cars — including a Visa Cash App RB and a Haas — navigating the pit lane and track in front of packed grandstands. The on-screen text calls paddock passes at the British Grand Prix a ""cute affordable date idea"" — a deliberately ironic joke given how expensive F1 paddock access actually is — while the man poses confidently inside the coveted paddock zone.","Cute affordable date idea:
Two Paddock Passes for F1 weekend at the British Grand Prix"
44,2026-06-17,reels,henryjwade,https://www.instagram.com/p/DZsWvbGtepJ/,POV: your gf books the flights...,"This how she affords more Chanel apparently…

#economy #business #travel",264338,5722,125,,,13.666,luxury-menswear,,,"A couple boards and settles into American Airlines Flagship (business/first) class — the man in matching cream athleisure and a white cap carries luggage and inspects boarding passes while standing in the aisle, while the woman sits relaxed in a private suite seat reviewing the wine list. The man stands confused in the first-class aisle clutching boarding passes while his girlfriend sits fully reclined in a private suite pod casually perusing the wine list — the contrast between their expressions tells the whole joke.",POV: your gf books the flights...
45,2026-06-12,reels,henryjwade,https://www.instagram.com/p/DZfB5edNByn/,When you and bro have to meet up to discuss the downfall of the third bro,"And then there were two…

#brother #friendship #newyork #soho",175566,17854,109,,,7.066,luxury-menswear,,,"Two well-dressed young men in matching cream trousers and blazers stride confidently down a cobblestone street, coffees in hand, while on-screen text reads ""When you and bro have to meet up to discuss the downfall of the third bro."" Two near-identically dressed men in designer blazers and sunglasses stride in perfect sync down a cobblestone SoHo street, looking like they own the city while plotting against their absent third friend.",When you and bro have to meet up to discuss the downfall of the third bro
46,2026-06-15,reels,henryjwade,https://www.instagram.com/p/DZnMXDHNiWu/,First ever autonomous taxi in London...,"I just experienced one of the first autonomous vehicle rides coming to London.

Uber has partnered with Wayve to help bring self driving technology to the UK, and I got a BTS look at the team and technology making it happen. 

The Interest List is now open for Londoners wanting early access to the first autonomous rides.

Question is... would you get in? 👀

@uberuk ad

#london #cars",10815,612,31,,,43.675,luxury-menswear,,,"A well-dressed young man tours and rides in a Wayve autonomous taxi in London, moving from an outdoor industrial depot where blue self-driving cars are staged, to the interior of a sensor-equipped autonomous vehicle, and finally into a purple-lit Wayve garage facility. The interior of the driverless car reveals a mounted AI sensor rig on the ceiling where a driver's head would normally be, making the empty front seat instantly uncanny and attention-grabbing.",First ever autonomous taxi in London...
47,2026-06-08,reels,henryjwade,https://www.instagram.com/p/DZUwXgPNr6F/,"British gent living in New York
(Before the city wakes up)","New York > London…

Especially when in @mo_newyork 🏠",151253,6359,78,,,44.65,luxury-menswear,,,"A fit, shirtless British man documents his early-morning routine in a luxury New York hotel, moving from waking up in a king bed, making Nespresso coffee, gazing at a high-rise Central Park view, dressing in workout gear, walking through Central Park, and hitting a hotel gym — all timestamped with on-screen captions. A shirtless, athletic man strolls through a lavish NYC hotel suite with a floor-to-ceiling Central Park skyline view glowing behind him at dawn.","British gent living in New York
(Before the city wakes up)"
48,2026-05-28,reels,henryjwade,https://www.instagram.com/p/DY4yf96tqoZ/,Don't let your side hustle (your job) get in the way of your main hustle (rose at sunset),"Friendly reminder ☝🏻

#couple #relarionship #mensfashion",1071,37,0,,,8.966,luxury-menswear,,,"A well-dressed couple sits in rattan lounge chairs on a luxury hotel terrace, clinking wine glasses, sipping rosé, and conversing leisurely against a backdrop of palm trees and a white Mediterranean-style resort building. The man in a white blazer and sunglasses raises a glass of rosé mid-toast while on-screen text reframes drinking wine at sunset as the ""main hustle"" over any day job.",Don't let your side hustle (your job) get in the way of your main hustle (rose at sunset)
49,2026-05-25,reels,henryjwade,https://www.instagram.com/p/DYw-WtPN4JE/,If she isn't forcing SPF 50+ on you she's not that into you...,"A ladies way of saying I love you…

#skincare #spf #summer #relationship 

@larocheposay 🫶🏼",369686,14101,80,,,7.382,luxury-menswear,,,"A shirtless young man sits poolside while an off-screen partner progressively squeezes thick lines of SPF 50+ sunscreen across his nose, cheeks, and forehead, then rubs it in, as on-screen text reads ""If she isn't forcing SPF 50+ on you she's not that into you…"" Bold white sunscreen stripes painted across the man's face like war paint, squeezed on by a partner's hand just out of frame.",If she isn't forcing SPF 50+ on you she's not that into you...
50,2026-05-22,reels,henryjwade,https://www.instagram.com/p/DYo8AlXtgDe/,The type of drink I order when trying to be nonchalant...,"Does it come with an umbrella? ☂️ 

#mensfashion #gentleman #style #date #nonchalant",4731,81,0,,,8.866,luxury-menswear,,,"A young man in a black shirt sits at a table in an upscale restaurant, first waiting with a deadpan expression, then holding, sipping, and casually cradling a vibrant red cocktail garnished with mint and a decorative topper, with on-screen text reading ""The type of drink I order when trying to be nonchalant..."" The oversized, vibrantly red cocktail garnished with fresh mint — anything but low-key — held with exaggerated casualness by a stone-faced man trying to look nonchalant.",The type of drink I order when trying to be nonchalant...
51,2026-05-24,reels,henryjwade,https://www.instagram.com/p/DYt6RKXNIY8/,The moment of truth seeing what my girlfriend booked with my money...,"A relationship should be 50:50… she picks the hotel, I fund the experience 

@mettmarbella 

#hotel #luxury #style #relationship",203451,5157,80,,,13.966,luxury-menswear,,,"A well-dressed young man uses a keycard to open a hotel room door, walks through a modern luxury suite, and steps out onto a terrace with a private pool overlooking a beachfront, revealing the high-end property his girlfriend booked with his money. A private mosaic-tiled pool sits on the suite's terrace with a sweeping turquoise beach and palm trees directly behind the man — the reveal that his girlfriend spent very well.",The moment of truth seeing what my girlfriend booked with my money...
52,2026-06-05,reels,henryjwade,https://www.instagram.com/p/DZM4_8Ut3JB/,"Me after using Fast Track, Pirority Pass, the Amex lounge, wearing a cashmere set and aluminium case then walking to seat 33C","Aura…

(Ish)

Wearing: @npealcashmere 

#economy #firstclass #travel #mensfashion",166657,10187,117,,,9.833,luxury-menswear,,,"A well-dressed young man sits cross-legged in an airport gate area, scrolling on his phone, flanked by a silver aluminium hard-shell suitcase and a monogram designer duffel bag, while on-screen text jokes that despite all his premium travel perks he is headed to economy seat 33C. The contrast between the man's luxury travel aesthetic — cashmere outfit, aluminium case, designer duffel — and the punchline of him walking to economy seat 33C is the core comic tension driving every frame.","Me after using Fast Track, Pirority Pass, the Amex lounge, wearing a cashmere set and aluminium case then walking to seat 33C"
53,2026-05-10,reels,henryjwade,https://www.instagram.com/p/DYKtoqgtfGC/,"All men need is good coffee, an insane brunette & an Aston Martin","And her yapping >

#mensfashion #gentleman #style #astonmartin",338189,38323,223,,,9.2,luxury-menswear,,,"A man seated at an outdoor café table films his POV of a black Aston Martin Vantage parked on a London street, with luxury accessories — car keys, a Goyard card holder, sunglasses, and a Cartier Santos-style watch — displayed on the table alongside coffee cups and a dessert plate. A Goyard card holder and Aston Martin keys casually tossed on a café table in the foreground, with the black Aston Martin Vantage gleaming on the London street directly behind.","All men need is good coffee, an insane brunette & an Aston Martin"
54,2026-05-11,reels,henryjwade,https://www.instagram.com/p/DYNG1nrNp0J/,Me sacrificing my future sons height because I decided to choose the 5ft2 brunette...,"Sorry son, you’ll understand one day 

#couple #mensfashion #style #height",957556,22251,413,,,10.666,luxury-menswear,,,"A tall man and a noticeably shorter brunette woman stand outside an elegant Georgian townhouse numbered 108, posing and interacting playfully while an on-screen caption jokes about the man ""sacrificing his future son's height"" by choosing the 5ft2 brunette. The extreme height difference between the tall man and his petite partner is stark and immediate, made funnier by the on-screen text calling out the genetics joke directly.",Me sacrificing my future sons height because I decided to choose the 5ft2 brunette...
55,2026-05-29,reels,henryjwade,https://www.instagram.com/p/DY68xPgNUX-/,"Dream job?

Unemployed with a mysterious source of income","Saltburn Summer pending 🕺 

@npealcashmere 

#mensfashion #luxury #oldmoney #gentleman",168783,8498,104,,,10.199999809265137,luxury-menswear,,,"A well-dressed young man and his social circle enjoy a lavish outdoor gathering at a grand British country estate, with scenes shifting from a Range Rover arriving at the manor, to garden socializing, to overflowing Bollinger champagne buckets, to the man lighting a cigar on a manicured terrace. A large ice bucket overflowing with multiple bottles of Bollinger champagne is grabbed by a wrist wearing a luxury watch — the ultimate flex for someone who claims to be ""unemployed.""","Dream job?

Unemployed with a mysterious source of income"
56,2026-05-12,reels,henryjwade,https://www.instagram.com/p/DYO9bJNtgxr/,POV: You pick up your girlfriend from work everyday...,"Always making me wait…

@paulsmithdesign ad

#mensfashion #gentleman #style #outfit",227240,5674,100,,,12.3,luxury-menswear,,,"A well-dressed young man appears in multiple outfit changes across sequential shots, each time walking toward or posing for a top-down camera on a cobblestone pedestrian street, carrying different romantic or thoughtful gifts — a bouquet of white flowers, two coffees, a champagne bottle — with on-screen text reading ""POV: You pick up your girlfriend from work everyday..."" Each outfit change escalates the romantic gesture — from a white flower bouquet to two coffees to a full champagne bottle held out wide with arms open — all filmed from a bird's-eye POV as if through the girlfriend's eyes looking down.",POV: You pick up your girlfriend from work everyday...
57,2026-05-14,reels,henryjwade,https://www.instagram.com/p/DYUP1vNNvub/,"""I never see you at parties anymore""
""Wrong parties darling""","Black tie nights >

@bombaysapphireuk ad

#fashion #gentleman #tuxedo #style",11491,1998,59,,,10.466,luxury-menswear,,,"A young man in a white tuxedo jacket moves through a series of opulent, old-money interiors — sipping champagne before a classical painting, ascending a red-carpeted staircase, conversing with other suited men in candlelit rooms — before the final shot reveals a crowd queuing outside an illuminated Georgian townhouse at night, with the repeated text overlay reading ""I never see you at parties anymore"" / ""Wrong parties darling."" A lone figure in a crisp white tuxedo sipping champagne in front of Raphael's ""School of Athens"" inside a gilded, candlelit ballroom — worlds away from any ordinary party.","""I never see you at parties anymore""
""Wrong parties darling"""
58,2026-05-27,reels,henryjwade,https://www.instagram.com/p/DY1cr4WN9F7/,POV: the UV index is 9...,"This, Aperol spritz, dinner reservation and a girl who wants you to age like a fine wine 🤌🏼

#gentleman #uv #skincare #style",1249,10,1,,,5.386,luxury-menswear,,,"A shirtless young man applies thick, unblended streaks of white sunscreen all over his face while standing in or near a resort pool, with the on-screen text ""POV: the UV index is 9..."" Bold white sunscreen streaks slathered across his nose, cheeks, and forehead — completely unblended and exaggerated, telegraphing maximum SPF panic.",POV: the UV index is 9...
59,2026-04-03,reels,henryjwade,https://www.instagram.com/p/DWqudxwjRQw/,Come with me to buy my first Aston Martin,"A proud moment for me this one…picking up my first Aston Martin 🙏🏼 

Thank you to the team at @scottjamesoflytham for securing me the black panther at such a good spec and condition, they were brilliant from start to finish. 

#car #vantage #astonmartin #luxury #v8",257078,29070,511,,,54.8,luxury-menswear,,,"A well-dressed young man films himself vlogging-style on London streets and public transit, with an onscreen caption reading ""Come with me to buy my first Aston Martin,"" then taps through an Oyster card tube barrier and rides the London Underground to reach the dealership. A man announcing he's buying his first Aston Martin then immediately tapping through a budget London Underground Oyster card barrier on foot — the comedic contrast between luxury aspiration and mundane public transit is the thumb-stopping moment.",Come with me to buy my first Aston Martin
60,2026-04-05,reels,henryjwade,https://www.instagram.com/p/DWwc3KQDdUy/,POV: You didn't buy a Tesla in your 30's,"Aston Martin > Elon ☝🏻💁🏻‍♂️

#car #astonmartin #electric #luxury #speed",178621,27943,151,,,9.666,luxury-menswear,,,"A POV video showcasing a black Aston Martin Vantage — from its garage reveal and luxurious analog interior to driving on a British high street — captioned ""POV: You didn't buy a Tesla in your 30's."" A gleaming black Aston Martin Vantage parked in a multi-car garage — flanked by a red Ferrari and an orange Caterham — held up by a hand dangling its winged key fob, making the Tesla comparison look laughable.",POV: You didn't buy a Tesla in your 30's
61,2026-03-30,reels,henryjwade,https://www.instagram.com/p/DWgRFvjDXVo/,"Bro explaining that we can afford a Ferrari & Mayfair Penthouse if we just wear suits, commit tax fraud and orchestrate a financial scandal that would get us our own Netflix documentary","Louis Theroux would love to narrate this one 🎬

#Gentleman #mensfashion #suits #netflix",341891,52154,317,,,9.6,luxury-menswear,,,"Two sharply dressed young men in tailored suits and sunglasses sit across from each other at a small outdoor café table, engaged in an animated conversation beneath a bold blue-and-white striped awning. Two immaculately suited men conspiring at a sunlit café table beneath a striped awning, overlaid with text joking about committing tax fraud and landing a Netflix documentary to afford a Ferrari and Mayfair penthouse.","Bro explaining that we can afford a Ferrari & Mayfair Penthouse if we just wear suits, commit tax fraud and orchestrate a financial scandal that would get us our own Netflix documentary"
62,2026-04-07,reels,henryjwade,https://www.instagram.com/p/DW1kJUMDauU/,Mfs put on black tie and buy an Aston Martin and start thinking they are James Bond...(I'm mfs),"Shaken, not stirred 🍸 

#jamesbond #luxury #astonmartin #car",175203,24507,293,,,11,luxury-menswear,,,"A young man in a black tuxedo and bow tie poses and struts alongside a black Aston Martin parked on a upscale London street before getting into the car, with self-deprecating on-screen text acknowledging he's cosplaying as James Bond. A tuxedo-clad man in sunglasses opens the door of a gleaming black Aston Martin in front of a cream Georgian townhouse, looking every bit like a real-life James Bond — and he knows it.",Mfs put on black tie and buy an Aston Martin and start thinking they are James Bond...(I'm mfs)
63,2026-03-27,reels,henryjwade,https://www.instagram.com/p/DWYxRWMjQAt/,If nobody calls you grandad or judges you your outfit simply isn't good enough...,"Our grandads were on to something…

#mensfashion #gentleman #style #luxury",147507,11758,128,,,11,luxury-menswear,,,"Two sharply dressed young men in double-breasted suits interact, pose, and stride confidently in front of a grand white-columned townhouse entrance, with on-screen text reading ""If nobody calls you grandad or judges you your outfit simply isn't good enough..."" Two immaculately suited men striding away from a grand columned Georgian doorway, the on-screen provocateur text challenging viewers to dress boldly enough to be mistaken for their grandad.",If nobody calls you grandad or judges you your outfit simply isn't good enough...
64,2026-05-01,reels,henryjwade,https://www.instagram.com/p/DXyyIgVNlAQ/,My beige flag is treating the smallest inconvenience like a reason to go to the airport...,"Running from your problems wont solve them but buying a new car probably will…

Especially the new @lepas.uk L6 🚘 

Ad #cars #italy #luxury #mensfashion #travel",20307,1298,27,,,53,luxury-menswear,,,"A well-dressed young man documents a spontaneous 24-hour round trip from London (London City Airport) to Milan, moving through airport terminals, boarding a Lufthansa Group plane on the tarmac, settling into economy, and cruising at altitude — all framed as a self-aware ""beige flag"" personality quirk. A departure board showing a flight to Milan Linate paired with on-screen text admitting the entire 24-hour trip is his solution to minor inconvenience — luxury bags in tow.",My beige flag is treating the smallest inconvenience like a reason to go to the airport...
65,2026-03-22,reels,henryjwade,https://www.instagram.com/p/DWL5NWwjajN/,"Her: ""I'll be there in 5 minutes""

Me:","They say women like a man who knows how to use his tools…

#style #cooking #date #datenight",700433,53691,356,,,12.433,luxury-menswear,,,"A well-dressed young man frantically but stylishly prepares a full romantic dinner — opening wine, slicing focaccia, lighting a candle, cooking rigatoni bolognese, and plating everything — all in response to a girl texting ""I'll be there in 5 minutes."" A fully set candlelit dinner table with Bourgogne red wine, plated rigatoni, focaccia, and a lit candle — assembled impossibly fast after a ""5 minutes"" text.","Her: ""I'll be there in 5 minutes""

Me:"
66,2026-05-15,reels,henryjwade,https://www.instagram.com/p/DYW2J9vt5uz/,"I lied.
I love being materialistic.","Whoever says they aren’t is lying…

#car #astonmartin #suit #luxury",168266,30989,157,,,8.615,luxury-menswear,,,"A well-dressed young man in a navy double-breasted suit walks confidently toward the camera past a black Aston Martin parked on a ivy-covered London street, with on-screen text reading ""I lied. I love being materialistic."" A stone-faced man in a sharp double-breasted suit strides past a black Aston Martin while the caption ""I lied. I love being materialistic."" fills the screen.","I lied.
I love being materialistic."
67,2026-04-10,reels,henryjwade,https://www.instagram.com/p/DW8hNYDDTse/,POV: you find the fashion brand that was James Bond approved...,"Worth a visit ☝🏻

@npealcashmere 

#jamesbond #mensfashion #gentleman #style",188527,20971,92,,,10.833,luxury-menswear,,,"A well-dressed young man walks a London street before entering and browsing a sleek menswear boutique, trying on multiple classic knitwear and outerwear pieces while framed by black-and-white celebrity photography on the shop walls. The man poses in a fitted black turtleneck and white trousers directly beside a framed vintage portrait on the boutique wall, looking unmistakably James Bond-coded.",POV: you find the fashion brand that was James Bond approved...
68,2026-03-03,reels,henryjwade,https://www.instagram.com/p/DVa1n0jjesc/,Anyone can take her to dinner. Be different and take her on a Safari instead...,"What she means when she says “I’m outdoorsy” 🦁 

#safari #animals #date #relationship",172361,19753,109,,,9.766,luxury-menswear,,,"A safari-dressed young man sips from a metal goblet and raises it to camera, then the video cuts to close-up wildlife footage of a rhino walking directly toward camera, a small herd of grazing zebras, and a lone giraffe striding across red dirt under a stormy sky, all overlaid with the text ""Anyone can take her to dinner. Be different and take her on a Safari instead…"" A dehorned rhino walks straight toward the camera at close range on a red dirt track, filling the entire frame.",Anyone can take her to dinner. Be different and take her on a Safari instead...
69,2026-02-26,reels,henryjwade,https://www.instagram.com/p/DVOLVN2jfhz/,"London to Cape Town 🇿🇦🌍
(Plot twist included)","Living like a South African local already 🇿🇦

#travel #holiday #southafrica #capetown",18908,1657,52,,,52.433,luxury-menswear,,,"A young man documents his solo relocation journey from London to Cape Town, cutting between a 12-hour flight cabin, Cape Town Airport exterior, a highway drive with Table Mountain visible, and a loft apartment, while delivering sardonic commentary via captions. The man stands shirtless on a rooftop balcony in bright Cape Town sunshine, grinning and captioned ""Eagle has landed, baby!"" — a stark contrast to his disheveled, sleep-masked state on the plane moments earlier.","London to Cape Town 🇿🇦🌍
(Plot twist included)"
70,2026-02-10,reels,henryjwade,https://www.instagram.com/p/DUln2ESjT0b/,"I don't want my girl to fix her spending habits, I want to afford them","If it’s on Amex it’s basically reward shopping ☝🏻 

#mensfashion #gentleman #style #couple",215245,30986,202,,,7.633,luxury-menswear,,,"A well-dressed young man takes mirror selfies inside a high-end luxury department store, browses an Hermès handbag display wall and a lit showcase of designer bags, and exits holding an iconic orange Hermès shopping bag, all while on-screen text reads ""I don't want my girl to fix her spending habits, I want to afford them."" The man smirks while holding a large orange Hermès shopping bag in front of a Louis Vuitton store sign, embodying the on-screen quote about affording his girlfriend's spending habits.","I don't want my girl to fix her spending habits, I want to afford them"
71,2026-02-09,reels,henryjwade,https://www.instagram.com/p/DUiL-34DQ5h/,"Eating with your girl = £350
Vs
Eating with your bro = £30 & no argument","Us men are simple creatures really 💁🏻‍♂️

#mensfashion #gentleman #couple #style",197602,20482,222,,,9.466,luxury-menswear,,,"Two well-dressed men share croissants and cappuccinos at an outdoor table at Le Café NAC, laughing and playfully interacting while on-screen text contrasts the cost of eating out with a girlfriend (£350) versus with a friend (£30 and no argument). One man grabs the other's face affectionately while the on-screen text reads ""Eating with your girl = £350 Vs Eating with your bro = £30 & no argument"" — a punchline-driven contrast set against a chic Parisian-style café facade.","Eating with your girl = £350
Vs
Eating with your bro = £30 & no argument"
72,2026-02-27,reels,henryjwade,https://www.instagram.com/p/DVQhcGNDdHY/,"""Do you want to go camping?"" ""Sure, I love sleeping under the stars... all 5 of them""","Turn down service > Tents 🤌🏼

@leeucollection 

#hotels #southafrica #luxury #gentleman",349162,17423,89,,,11.70199966430664,luxury-menswear,,,"A montage of lavish lifestyle moments — a couple in a private pool, a white Ferrari on a scenic street, a gourmet plated steak dinner, designer luggage (Rimowa + Saint Laurent), a grand Cape Dutch manor entrance, and a pristine 5-star hotel suite — all set against a recurring on-screen joke about ""camping under the stars… all 5 of them."" A Saint Laurent tote and stacked Rimowa hard-shell luggage sit beside a sun-drenched window, captioned with the punchline ""I love sleeping under the stars… all 5 of them,"" making the joke land visually before the hotel suite reveal.","""Do you want to go camping?"" ""Sure, I love sleeping under the stars... all 5 of them"""
73,2026-01-31,reels,henryjwade,https://www.instagram.com/p/DULGQzhDcaM/,POV: you attend the ICE at St Moritz,"Me and my financially irresponsible taste on ICE 🚗 🧊 

#stmoritz #cars #luxury #swiss",10457,2044,15,,,10.933,luxury-menswear,,,"A well-dressed man in a fur-collared suede coat poses among vintage classic cars on a snow-covered frozen lake at The ICE St. Moritz, while well-heeled attendees in fur coats walk past, a Dalmatian on a red leash strolls by, and rare vintage Ferraris and an Aston Martin DB4 GT are displayed under alpine sunshine. A vintage Ferrari in racing red and a dark-green Aston Martin DB4 GT sit side-by-side on a frozen Alpine lake, framed by snow-capped mountains — with a fur-clad Dalmatian owner completing the absurdly glamorous scene.",POV: you attend the ICE at St Moritz
74,2026-02-02,reels,henryjwade,https://www.instagram.com/p/DUQKCcgDavO/,I flew all the way to Turkey for a custom Suit,"I got a suit made in Turkey…but was it worth it?

🪡 @milimetricbespoke 

#mensfashion #gentleman #style #luxury",980325,69121,480,,,52.433,luxury-menswear,,,"A young man documents his full bespoke suit experience at a high-end Istanbul tailor (Milimetric), covering fabric consultation with Loro Piana and Zegna swatches, body measurements, and a fitting where an older master tailor adjusts the suit jacket. A seasoned master tailor wraps a measuring tape around the young man's waist while a female assistant takes notes — the full white-glove bespoke treatment on camera.",I flew all the way to Turkey for a custom Suit
75,2026-02-03,reels,henryjwade,https://www.instagram.com/p/DUSvG3NjQhx/,"I got a $2,000 Zegna suit made in Turkey and here's how it turned out...","Do you think it was worth it? 👔 

#mensfashion #suit #gentleman #luxury #style",199933,10930,202,,,10.3,luxury-menswear,,,"A young man documents the process of commissioning a custom suit made from $2,000 Zegna fabric in Turkey, progressing from fabric selection and fitting sessions to wearing the finished double-breasted grey suit outdoors. The final reveal shot of the man striding in a perfectly fitted grey double-breasted suit past a modern glass building, looking like he walked off a runway, despite the suit being made in Turkey for a fraction of typical bespoke prices.","I got a $2,000 Zegna suit made in Turkey and here's how it turned out..."
76,2026-03-07,reels,henryjwade,https://www.instagram.com/p/DVlJYhhDbBI/,When I waited 2 hours for her to get ready and now she has to wait for me to put my shoes on,"The audacity…

#couple #relationship #mensfashion #style",271894,9501,90,,,6.566,luxury-menswear,,,"A well-dressed young man sits on a balcony chair slowly putting on his loafers, with a sweeping view of Cape Town's mountains and cityscape behind him, while on-screen text reads ""When I waited 2 hours for her to get ready and now she has to wait for me to put my shoes on."" A stoic, unbothered man deliberately and slowly slipping on a loafer against a jaw-dropping Cape Town mountain backdrop — the contrast between the mundane act and the luxurious setting sells the joke instantly.",When I waited 2 hours for her to get ready and now she has to wait for me to put my shoes on
77,2026-02-01,reels,henryjwade,https://www.instagram.com/p/DUNj7hSDfnr/,Some see an expensive £350 dinner but intelligent ones see 350 Amex points.,"Boy math: if it earns points, it doesn’t count as spending.

#mensfashion #gentleman #amex #datenight",170168,12908,254,,,8.466,luxury-menswear,,,A well-dressed young man poses and sips a cocktail inside a opulent Art Deco restaurant while a sommelier uncorks a wine bottle and close-ups showcase a luxury steel watch on a white-shirted wrist beside a fine-dining table. A macro close-up of a Cartier Santos watch resting on a white-linen fine-dining table beside a crystal wine glass — paired with on-screen text reframing a £350 dinner bill as an Amex points opportunity.,Some see an expensive £350 dinner but intelligent ones see 350 Amex points.
78,2026-02-04,reels,henryjwade,https://www.instagram.com/p/DUVRWAijS4C/,When it's 10 minutes into the date and she still hasn't asked what fragrance I'm wearing,"If you don’t rate the top notes, we’re not compatible 

#fragrance #date #relationship",348609,40428,414,,,9.8,luxury-menswear,,,"A well-dressed young man sits alone at a table in an upscale restaurant, sipping a cocktail, checking his watch, and glancing around with exaggerated impatience, as on-screen text jokes about his date not asking about his fragrance. The man dramatically checks his gold watch with a deadpan, impatient expression — selling the joke that his fragrance is going tragically unnoticed on the date.",When it's 10 minutes into the date and she still hasn't asked what fragrance I'm wearing
79,2026-01-24,reels,henryjwade,https://www.instagram.com/p/DT6HnISjZr4/,The moments vs the photo,"I fear I have peaked too early this year 🤓

#mensfashion #gentleman #style",3114,117,2,,,11.233,luxury-menswear,,,"A well-dressed man poses repeatedly in front of a large Tod's branded backdrop, shifting between candid, relaxed expressions and a stiff, polished photo-ready pose, illustrating the ""moments vs. the photo"" contrast captioned onscreen. The jarring contrast between the man's relaxed, smiling candid frames and the same man snapping into a stone-faced, high-fashion editorial pose directly in front of the large gold Tod's logo backdrop.",The moments vs the photo
80,2026-01-30,reels,henryjwade,https://www.instagram.com/p/DUInK8SDfzq/,"Fellas this is your two week notice... Flowers, reservation & outfit","‘Quality gifts’ can be a dangerous love language 🥲 

@tmlewin sorting the first impression with a 99% success rate 😉 ad

#mensfashion #gentleman #style #valentines",16101,1020,26,,,43.7,luxury-menswear,,,"A well-groomed man in a navy jacket films himself outside a luxury building, then walks through an upscale menswear store, examining shirts and suits on mannequins, delivering a Valentine's Day style guide for men covering flowers, dinner reservations, and outfit choices. A bold burgundy velvet tuxedo jacket with black satin lapels and bow tie on a mannequin dominates the frame as the creator browses the store, making it the standout visual centrepiece of the Valentine's outfit guide.","Fellas this is your two week notice... Flowers, reservation & outfit"
81,2026-01-27,reels,henryjwade,https://www.instagram.com/p/DUBj6EbjerZ/,POV: when you and the friendship group have the same idea as 'dress casual',Not a tracksuit in sight.,12190,890,6,,,9.2,luxury-menswear,,,"Three stylishly dressed young men meet up in a grand European cobblestone courtyard, reacting with amused recognition that they all independently chose elevated, smart-casual outfits despite being told to dress casually. Three effortlessly well-dressed men standing in a grand Italian palace courtyard, looking like an accidental editorial shoot despite claiming to dress ""casual.""",POV: when you and the friendship group have the same idea as 'dress casual'
82,2026-01-16,reels,henryjwade,https://www.instagram.com/p/DTkLETaDd8_/,Updating my passport photo after 7 years...,Proof that taking care of yourself can reverse your age,8770,85,2,,,13.433,luxury-menswear,,,"A well-groomed young man documents the process of updating his passport photo after 7 years, contrasting his old scruffy passport photo with his current polished appearance, culminating in a reveal of the new black-and-white passport headshot. A stark side-by-side implied contrast between the old passport photo showing a disheveled, bearded younger man and the new sleek, sharp black-and-white passport headshot of the same man 7 years later.",Updating my passport photo after 7 years...
83,2026-01-21,reels,henryjwade,https://www.instagram.com/p/DTxR7S6jY0R/,I fear I may have eaten too hard with this one pic from Milan Fashion week,"Might make it my Facebook profile pic 🫣 

#menafashion #mfw #tods",9236,161,1,,,9.3,luxury-menswear,,,"A young dark-haired man films himself eating a berry bowl at home, then the video cuts to a polished fashion-week photo of the same man posing confidently in front of a Tod's backdrop at Milan Fashion Week. The jarring contrast between the man casually eating a berry bowl in a plain home setting and the same man looking effortlessly chic and model-sharp in front of the Tod's Milan Fashion Week signage.",I fear I may have eaten too hard with this one pic from Milan Fashion week
84,2026-01-22,reels,henryjwade,https://www.instagram.com/p/DTz21B5je33/,How to Elevate your Content in 2026...,"Ad How to elevate your content in 2026…

From shooting hands free to editing on the go, the Samsung Galaxy Z Flip7 has become my go to for work.

Look again what detail did you notice first? Comment #ExploreGalaxy @samsunguk",17990,1169,97,,,43,luxury-menswear,,,"A well-dressed young man walks and poses on upscale London streets while demonstrating content creation techniques using a Samsung Galaxy Z Flip7, with on-screen text and visual effects showcasing the phone's 50MP camera and generative edit AI features. A split-screen effect shows the same man at full-body and giant scale simultaneously on a London street, dramatically illustrating the Samsung Galaxy Z Flip7's camera zoom and capture power.",How to Elevate your Content in 2026...
85,2026-01-07,reels,henryjwade,https://www.instagram.com/p/DTNThlwjQwP/,The art of dressing classy in public,"Literally just off to buy some milk 

#mensfashion #gentleman #style",227252,28533,213,,,8.4,luxury-menswear,,,"Two tall, well-dressed young men stride confidently through a wet London street, conversing and laughing as they cross a pedestrian crossing against a backdrop of red-brick Victorian architecture and festive decorations. Two model-tall men in floor-length tailored overcoats walk in perfect stride across a rain-slicked Mayfair street, looking like they stepped out of a luxury fashion campaign.",The art of dressing classy in public
86,2026-01-11,reels,henryjwade,https://www.instagram.com/p/DTYSpmdDQwm/,When bro finally starts liking someone so you run a SWOT analysis with him,"Maturing is never showing up without a strategy…

#dating #strategy #brother #friendship",463608,41208,304,,,8.4,luxury-menswear,,,"Two well-dressed young men act out a comedic skit outside an upscale restaurant, where one stands and gestures animatedly while the other sits at a white-tablecloth bistro table reacting with expressions ranging from surprise to amusement to contemplation. A standing man in a camel coat gestures like he's presenting a business pitch to his seated friend at a white-tablecloth restaurant table, with the on-screen text reading ""When bro finally starts liking someone so you run a SWOT analysis with him.""",When bro finally starts liking someone so you run a SWOT analysis with him
87,2026-01-06,reels,henryjwade,https://www.instagram.com/p/DTKp6acjQPK/,Skipped the quarter zip phase and went straight to the suit & overcoat phase,The best phase,4501,311,4,,,7.633,luxury-menswear,,,"A sharply dressed man walks toward the camera across a geometric stone plaza, wearing a dark navy double-breasted overcoat over a suit and tie, with black leather gloves, while on-screen text reads ""Skipped the quarter zip phase and went straight to the suit & overcoat phase."" The man dramatically flips up the wide lapels of his long overcoat with gloved hands while striding forward, revealing the full suit underneath in a cinematic reveal moment.",Skipped the quarter zip phase and went straight to the suit & overcoat phase
88,2025-12-29,reels,henryjwade,https://www.instagram.com/p/DS2X0uDjV0w/,My exit song for 2025,Here’s to 2026…,4039,122,0,,,8.266,luxury-menswear,,,"A young man in a long camel wool overcoat strides confidently through the streets and bridges near the Louvre in Paris, with the text overlay ""My exit song for 2025"" displayed throughout. The man walks away with cinematic swagger past the iconic Louvre facade, coat billowing, as onlookers watch — framed like a movie exit scene.",My exit song for 2025
89,2026-01-20,reels,henryjwade,https://www.instagram.com/p/DTvanXZjT-x/,I got styled for Milan Fashion Week... here's how it went,"The outfit was criminally good 🤌🏼 @tods 

#mensfashion #style #milan",10001,816,32,,,52.5,luxury-menswear,,,"A young man in a white hotel bathrobe films himself getting ready for Milan Fashion Week, transitioning from morning skincare routine and browsing a pre-styled wardrobe to a fully dressed look in a luxury hotel room, with a cutaway shot of the Milan Duomo visible from the hotel window. The man browses a backlit hotel wardrobe full of pre-selected Tod's outfits while still wearing a plush white bathrobe, with the Milan Duomo visible through the hotel window in a cutaway shot.",I got styled for Milan Fashion Week... here's how it went
90,2026-01-06,reels,henryjwade,https://www.instagram.com/p/DTK6HTYDAHY/,How guys be acting knowing they partially own 500 multi million dollar companies ($1000 in the S&P 500),"Dressing like inheritance, investing like direct debit 💸",1736479,62580,404,,,7.4070000648498535,luxury-menswear,,,"Two sharply dressed young men sit at an outdoor café table in what appears to be Mayfair, London, eating croissants and drinking coffee with exaggerated nonchalant swagger, while on-screen text jokes about feeling like a billionaire from a $1000 S&P 500 investment. One man sips espresso in dark sunglasses and black leather gloves beside a visible Goyard bag, performing peak old-money nonchalance over a croissant worth less than a stock trade.",How guys be acting knowing they partially own 500 multi million dollar companies ($1000 in the S&P 500)
91,2026-06-10,reels,henryjwade,https://www.instagram.com/p/DZaT2sxtXfX/,When he does this >,"If he doesn’t know the side walk rule ➡️🗑️ 

#relationshio #gentleman #newyork #couple",1545317,159437,766,,,8.7,luxury-menswear,,,"A couple walks down a sunny SoHo, New York City street, with the tall man in a beige linen blazer and cream trousers placing his hand on the lower back of the woman in a black tank and cropped pants; the video alternates between showing them together and the man walking alone, implying the gesture is the focus. The man's hand resting protectively on the woman's lower back as they stroll together through a sun-drenched New York City street is the undeniable focal gesture the on-screen text ""When he does this >"" directly calls out.",When he does this >
92,2026-04-28,reels,henryjwade,https://www.instagram.com/p/DXq5dr0imIN/,"""What's the difference between you and your twin brother?""",I’ll leave you to answer that yourself but this was both of us after running the London Marathon @henryjwade 🤪 #londonmarathon #twins,1274920,22079,284,,,8.399999618530273,luxury-menswear,,,"Two nearly identical twin brothers sit side by side on a stone balustrade, one dressed in full black tuxedo with bow tie and pocket square, the other in a black athletic racing kit with a marathon finisher's medal, pink socks, and colorful running shoes, both wearing matching race medals and sneakers. Two visually identical men sitting together — one in a sharp black tuxedo, the other in a sweaty marathon racing kit with neon pink socks — both sporting the same finisher medal, creating a jarring and comedic side-by-side contrast.","""What's the difference between you and your twin brother?"""
93,2026-03-14,reels,henryjwade,https://www.instagram.com/p/DV3J75xjewy/,Depression can't hit a moving target,"It’s a mindset… ✈️ 🌍 

#travel #luxury #mood",1186268,166998,416,,,6.3,luxury-menswear,,,"A young man walks through an airport boarding gate corridor at night, filming himself holding a British passport in his mouth and carrying travel documents, with the on-screen text ""Depression can't hit a moving target."" The man holds a UK passport in his mouth while walking toward the plane, with the bold caption ""Depression can't hit a moving target"" dominating the frame.",Depression can't hit a moving target
94,2025-12-06,reels,henryjwade,https://www.instagram.com/p/DR7Z5QQDVx6/,POV: you take your ex GB figure skater gf ice skating thinking it would be a cute date,"Forget to tell me that did you hun…

@carmenvanesa",1351859,17752,102,,,10.133000373840332,luxury-menswear,,,"A young man films himself looking stunned and humbled outdoors near a Christmas tree, then cuts to a woman executing graceful professional-level figure skating moves on an outdoor rink while other skaters struggle around her. A former GB competitive figure skater glides effortlessly in elegant choreographed poses on a public rink, completely outclassing every other skater around her — including the boyfriend who thought this would be a cute casual date.",POV: you take your ex GB figure skater gf ice skating thinking it would be a cute date
95,2025-11-27,reels,henryjwade,https://www.instagram.com/p/DRjn_8tDRH8/,Quarter zips are great but wait until you unlock the suit and overcoat combination,"The confidence is unmatched ☝🏻

#mensfashion #gentleman #style",1204104,88425,445,,,9.8,luxury-menswear,,,"A well-dressed young man strides confidently across a grand stone plaza, wearing a dark navy overcoat over a charcoal suit with a light blue shirt and navy tie, holding a takeaway coffee cup and leather gloves. A long navy overcoat billows open as the man walks directly toward camera, revealing a tailored charcoal suit underneath — the full outfit layered against towering neoclassical columns.",Quarter zips are great but wait until you unlock the suit and overcoat combination
96,2025-12-02,reels,henryjwade,https://www.instagram.com/p/DRwhtzQDSre/,Eating an apple in public has the same energy as a cigarette just cooler,"Aura level 📈

#style #gentleman",344522,39449,316,,,9.7,luxury-menswear,,,"A sharply dressed young man in a suit, overcoat, black leather gloves, and dark sunglasses walks through a London city street eating a red apple with deliberate, performative coolness while an on-screen caption reads ""Eating an apple in public has the same energy as a cigarette just cooler."" A suited man in black leather gloves bites dramatically into a bright red apple on a busy London street, posed exactly like someone smoking a cigarette.",Eating an apple in public has the same energy as a cigarette just cooler
97,2025-12-12,reels,henryjwade,https://www.instagram.com/p/DSKa1LnDds_/,"Mysterious income
Underground connections
Private life
Small circle
Hot brunette","One lifestyle worth living…

#date #mensfashion #gentleman #jamesbond",149866,19903,122,,,7.7,luxury-menswear,,,"A sharply dressed man in a black tuxedo waits alone at an opulent bar, then is joined by a brunette woman in a form-fitting red gown; the two share cocktails in an intimate exchange as on-screen text lists traits like ""Mysterious income,"" ""Underground connections,"" and ""Hot brunette."" A woman in a sleek red gown appears beside a brooding man in a tuxedo, and they clink cocktail glasses under a gilded chandelier while text labels him as a man of ""mysterious income"" and ""underground connections.""","Mysterious income
Underground connections
Private life
Small circle
Hot brunette"
98,2025-11-29,reels,henryjwade,https://www.instagram.com/p/DRo1Ox-jQMU/,Inside one of the most exclusive islands in the world...,"Exclusive for a reason @bermuda 

#visitbermuda ad",20592,1196,56,,,55.266,luxury-menswear,,,"A travel vlog-style video documenting a luxury trip to Bermuda, cutting between a well-dressed young man playing golf on an oceanside course, posing at a marina at dusk, arriving at a pink colonial hotel, holding a passport at an airport, and close-ups of a torch-finished steak served tableside. A golf caddy walks toward camera with vivid turquoise Bermuda ocean water stretching behind him under a caption reading ""This might be the most expensive slice of paradise on the planet.""",Inside one of the most exclusive islands in the world...
99,2025-11-28,reels,henryjwade,https://www.instagram.com/p/DRm7DkIDVp4/,POV: she never has to worry about the way you dress,"She’s never worried.

ad @asos makes sure of that, Black Friday and all year round. 

#mensfashion #style #gentleman #blackfriday",19607,1527,31,,,13.7,luxury-menswear,,,"A well-dressed young man cycles through multiple stylish outfits while posing and walking across various upscale London locations, with the persistent on-screen text ""POV: she never has to worry about the way you dress."" The man strides in a floor-length herringbone overcoat past a London monument, cutting a dramatically tailored silhouette against a grey city backdrop.",POV: she never has to worry about the way you dress
100,2025-12-07,reels,henryjwade,https://www.instagram.com/p/DR-EW8wDXaM/,Unboxing the boots of the season...,Christmas Came early @tods #TodsHolidays #Tods ad,18858,1373,44,,,10.966,luxury-menswear,,,"A young man unboxes a Tod's gift-wrapped shoe box beside a towering decorated Christmas tree in a grand hotel lobby, lifts out a pair of suede lace-up boots, laces them on at an ornate iron balustrade, and poses in the full outfit. A large Tod's orange gift box tied with a red ribbon is opened to reveal a pair of sand-colored suede boots nestled in a red-lined presentation case, set against an opulently Christmas-decorated hotel staircase.",Unboxing the boots of the season...
101,2025-12-24,reels,henryjwade,https://www.instagram.com/p/DSpNFRJjSqg/,"Giving one lucky person a £1,000 shopping spree at T.M. Lewin","A £1,000 shopping spree giveaway with me at @tmlewin 🙌🏼

To enter you must follow both @henryjwade and @tmlewin , like this video, share it to your story and comment below. 

The winner will be chosen at random in 1 week. Good luck and Happy Christmas 🎄 

#competition #giveaway #mensfashion #tmlewin",18487,1339,651,,,32.333,luxury-menswear,,,"A well-dressed young man walks through a T.M. Lewin menswear store, addressing the camera while showcasing the brand's collection — including dress shirts, ties, suits, and a black tuxedo — as part of a £1,000 giveaway announcement. The presenter holds up a black T.M. Lewin tuxedo with a bow tie against his chest, referencing ""James Bond energy"" — a cinematic, high-status moment set against a wall of neatly stacked dress shirts.","Giving one lucky person a £1,000 shopping spree at T.M. Lewin"
102,2025-12-06,reels,henryjwade,https://www.instagram.com/p/DR625N4jUkx/,Proof that a well dressed man can fix anything in life...,Saved the day with a good outfit and a bouquet @tommyhilfiger #TommyFamily ad,17059,1212,41,,,43.133,luxury-menswear,,,"A well-groomed young man films himself outside and then inside a Tommy Hilfiger store in London, talking to camera about using sharp outfits to fix life's problems, transitioning from a living green wall exterior to the bright, holiday-decorated retail floor. The creator standing smirking in front of a ""TOMMY"" store sign with the caption ""don't panic"" on screen, pivoting from a cold London street to a fully Christmas-decorated Tommy Hilfiger showroom floor.",Proof that a well dressed man can fix anything in life...
103,2025-11-27,reels,henryjwade,https://www.instagram.com/p/DRky-Xtjdnj/,"Dressing well as a man is simple all you gotta do is wear a long over coat, high waisted jeans and suede boots",Simple…,16438,649,2,,,9.3,luxury-menswear,,,"A young man walks and poses on a luxury retail street, showcasing a men's street-style outfit consisting of a long navy overcoat, high-waisted light-wash jeans, a white tee, brown suede boots, round sunglasses, and a watch, with on-screen text explaining the outfit formula. The sweeping floor-length navy overcoat paired with light-wash jeans and dark suede boots creates a striking, elongated silhouette against the backdrop of Patek Philippe's luxury boutique.","Dressing well as a man is simple all you gotta do is wear a long over coat, high waisted jeans and suede boots"
104,2025-12-09,reels,henryjwade,https://www.instagram.com/p/DSC_qt3DV9A/,When your find a car that matches your aesthetic,"Santas sleigh got an upgrade this year…

@tmlewin 
@mclarenauto 

#mensfashion #mclaren #car",16177,2087,38,,,7.7,luxury-menswear,,,"A well-dressed young man in a black suit walks toward and opens the dihedral door of a red McLaren supercar parked in an underground car park, posing alongside it with the caption ""When your find a car that matches your aesthetic."" The McLaren's dramatic dihedral door swings fully open in the final frame, its glossy red bodywork gleaming under harsh fluorescent lights — a striking contrast of raw supercar drama inside a mundane parking garage.",When your find a car that matches your aesthetic
105,2025-12-19,reels,henryjwade,https://www.instagram.com/p/DSccDoODVsR/,"""I don't know what to get him for Christmas""...","Any gent would want this… 

ad the brand new @citizenwatch Limited Edition Promaster Racing Chronograph. With only 4,973 made in the world it would be a timeless gift. #CitizenWatch #watch #luxury",13770,1007,26,,,14.266,luxury-menswear,,,"A well-dressed young man in a beige herringbone double-breasted blazer is filmed across multiple luxury settings — a Christmas-decorated restaurant, a rooftop overlooking the London skyline, and an upscale lounge — as a watch on his wrist is repeatedly highlighted alongside a black gift box with a blue ribbon, a brass telescope, and a motorsport coffee table book, all framed by the on-screen caption ""I don't know what to get him for Christmas"". A sleek black gift box tied with a bold blue ribbon is dramatically revealed on a silver cloche tray, mirroring the blue strap of the luxury watch worn throughout the video.","""I don't know what to get him for Christmas""..."
106,2025-12-24,reels,henryjwade,https://www.instagram.com/p/DSp3heWjfAY/,"Recent purchases I made after my accountant said ""it's technically a business expense""",Good taste is tax deductible ☝🏻,13031,340,1,,,15.1,luxury-menswear,,,"A well-dressed young man sequentially unboxes and displays multiple luxury items — including a Goyard shopping bag with a Goyard zip case, a Rolex-green watch box, a Louis Vuitton box, and a small blue object — while on-screen text reads ""Recent purchases I made after my accountant said 'it's technically a business expense.'"" A Goyard shopping bag, Rolex green box, and Louis Vuitton packaging stacked as punchlines to the joke that these are all ""business expenses.""","Recent purchases I made after my accountant said ""it's technically a business expense"""
107,2025-11-29,reels,henryjwade,https://www.instagram.com/p/DRo_wF_jXcF/,This is your annual reminder to make sure you cut the stitch on the tails of your coat this winter,"Don’t be that person 🤦‍♂️ 

#style #mensfashion #gentleman",11858,362,1,,,7.833,luxury-menswear,,,"A well-dressed man walks along a upscale London pavement outside the Sofitel hotel, filmed from behind as he strolls past ornate balustrades and green flower planters, with on-screen text reminding viewers to cut the basting stitch from their coat's rear vent. The coat's rear vent is visibly stitched shut, dramatically illustrating the exact menswear mistake the caption warns viewers to fix.",This is your annual reminder to make sure you cut the stitch on the tails of your coat this winter
108,2025-12-17,reels,henryjwade,https://www.instagram.com/p/DSXyF_mDVcr/,She's perfect...,"Men look at there wrist for the time not there phones 😉

@bellrosswatches 

#watches #style #mensfashion",10332,696,2,,,7.566,luxury-menswear,,,"A sharply dressed young man exits a upscale London address, gets into a red McLaren supercar, unboxes a Bell & Ross watch from its gift box, and models it on his wrist against the McLaren's steering wheel and red interior, with the caption ""She's perfect..."" displayed throughout. A gleaming Bell & Ross steel watch with a white dial is shown on-wrist inside the red-and-black interior of a McLaren, with the McLaren logo prominent in the background — the ""she's perfect"" caption making the punchline land that the watch, not a woman, is the subject.",She's perfect...
109,2025-12-20,reels,henryjwade,https://www.instagram.com/p/DSfjNOcjd7d/,POV: you film the famous Hugh Grant 'Love Actually' scene and this is how it turned out...,"I’m giving Hugh a run for his money 🫣 

#loveactually #christmas",8041,185,2,,,44.384,luxury-menswear,,,"A man in a white dress shirt and black trousers reenacts the Hugh Grant ""Love Actually"" staircase dance scene on a Christmas-decorated grand staircase, then continues dancing alone in a narrow hallway facing a window. The man fully commits to the Hugh Grant ""Love Actually"" dance with arms outstretched in an empty hallway facing a window, completely unseen by any audience — the ultimate solo performance.",POV: you film the famous Hugh Grant 'Love Actually' scene and this is how it turned out...
110,2025-12-04,reels,henryjwade,https://www.instagram.com/p/DR2U9aZDR4t/,"Love being the ""wait, what country are you in now?"" Friend",New York or no where 🇺🇸,6002,345,5,,,11.133,luxury-menswear,,,"A stylishly dressed young man walks, poses, and strolls toward the camera on a cobblestone street lined with cast-iron SoHo buildings, with the caption ""Love being the 'wait, what country are you in now?' Friend"" overlaid throughout. The man smirks and strides toward the camera in a polished European-inspired outfit on SoHo cobblestones, leaning into the joke of being the perpetually globe-trotting friend.","Love being the ""wait, what country are you in now?"" Friend"
111,2025-12-23,reels,henryjwade,https://www.instagram.com/p/DSnLks1jUT8/,"Please stop asking me what I want for Christmas! What I wanted, I bought and if I haven't bought it, you can't afford it either...","It’s the thought that counts 🎁 🎄 

#car #christmas",5673,435,0,,,6.066,luxury-menswear,,,"A vintage dark convertible Corvette (C3 generation, UK-plated) cruises down a upscale London street loaded with luxury shopping bags, while an on-screen caption reads ""Please stop asking me what I want for Christmas! What I wanted, I bought and if I haven't bought it, you can't afford it either..."" A classic Corvette convertible stuffed with high-end shopping bags rolling through a posh London street, paired with a savage Christmas caption about outspending anyone who'd dare buy you a gift.","Please stop asking me what I want for Christmas! What I wanted, I bought and if I haven't bought it, you can't afford it either..."
112,2025-12-01,reels,henryjwade,https://www.instagram.com/p/DRtqQoIjSAI/,Your shortcut to being the best dressed gent this autumn,"How to dress Like a gentleman for autumn winter 

#style #mensfashion",4200,171,1,,,43.2,luxury-menswear,,,"A well-dressed young man walks through central London streets and a modern shopping centre, presenting an autumn menswear style guide featuring a charcoal wool-blend suit, dark knit tie, white shirt, pocket square, a jumper draped over the shoulders, and a square-face luxury watch. The man drapes a dark jumper across both shoulders over a perfectly fitted charcoal suit while standing against ornate neoclassical stonework — a single image that packages the entire autumn style thesis.",Your shortcut to being the best dressed gent this autumn
113,2025-12-02,reels,henryjwade,https://www.instagram.com/p/DRxvA2GDUXt/,I flew all the way to New York for a tailor made suit,Damn I wasn’t expecting that 🫣,3619,214,1,,,51.966,luxury-menswear,,,"A young man flies to New York City to commission a bespoke suit at Ferrara Manufacturing, touring the production floor, meeting the tailors, and trying on garments, with captions revealing the factory also makes Ralph Lauren Purple Label and USA Olympic team kits. A Ralph Lauren Purple Label jacket hangs on a production rack mid-factory, visually confirming the tailor's elite clientele and anchoring the video's credibility drop.",I flew all the way to New York for a tailor made suit
114,2025-12-28,reels,henryjwade,https://www.instagram.com/p/DS0r1tqjbv1/,Inside one of the most exclusive islands in the world...,Where the rich hibernate…,2816,44,0,,,55.266,luxury-menswear,,,"A young man documents his luxury travel experience in Bermuda, cutting between golf on a clifftop course with turquoise ocean views, a marina at dusk, passport and Rimowa luggage at an airport, a grand pink colonial hotel entrance, the iconic Hamilton Princess hotel seen from the water, and a theatrically torch-finished steak at a fine-dining restaurant. A player carries a golf bag along a manicured fairway with impossibly vivid turquoise Atlantic water filling the entire background — instantly signaling world-class, ultra-premium island life.",Inside one of the most exclusive islands in the world...
115,2025-12-24,reels,henryjwade,https://www.instagram.com/p/DSp3UAwjQ_l/,"Hugh Grant scene from Love Actually
96% accuracy...",I’d make a great Prime minister,1378,51,0,,,39.64,luxury-menswear,,,"A man in a white dress shirt and black trousers recreates the iconic Hugh Grant dancing scene from Love Actually, first dancing solo in a narrow hallway before a window, then descending a Christmas-garland-decorated staircase mid-dance; on-screen text claims ""96% accuracy."" The man throws his arms wide and bounces down a Christmas-garland-draped staircase in a near-perfect mimicry of Hugh Grant's Love Actually dance, with the bold ""96% accuracy"" claim overlaid on screen.","Hugh Grant scene from Love Actually
96% accuracy..."
116,2025-12-15,reels,henryjwade,https://www.instagram.com/p/DSTPuHJDTfj/,POV: she never has to worry about the way you dress,Does she though? #mensfashion,1199,65,0,,,13.7,luxury-menswear,,,"A well-dressed young man cycles through multiple sharp outfit changes — including a herringbone overcoat, a waxed field jacket, and a brown leather bomber — posing and walking confidently across iconic London locations throughout the video. A floor-length black-and-white herringbone overcoat billows as the man strides down a London street past a bronze statue, with the on-screen text ""POV: she never has to worry about the way you dress.""",POV: she never has to worry about the way you dress
117,2025-12-14,reels,henryjwade,https://www.instagram.com/p/DSQdzcZDTF1/,Eating an apple in public has the same energy as a cigarette just cooler,Energy levels high 📈,50,0,0,,,9.7,luxury-menswear,,,"A sharply dressed young man in a suit, overcoat, sunglasses, and black leather gloves walks through a city street while deliberately and dramatically eating a red apple, posing as if the act is deeply cool. A suited man in black leather gloves bites into a red apple with exaggerated swagger while the on-screen text reads ""Eating an apple in public has the same energy as a cigarette just cooler.""",Eating an apple in public has the same energy as a cigarette just cooler
118,2025-12-10,reels,henryjwade,https://www.instagram.com/p/DSGRQGkDQie/,POV: You still wear Nike Tech in 2025,Done be that guy in 2026,25,0,0,,,12.566,luxury-menswear,,,"A well-dressed man in a tailored tan blazer, cream trousers, and a sweater vest rides an escalator holding a matcha drink, intercut with a second man in a black-and-grey Nike Tech Fleece hoodie standing with arms crossed on the same escalator, as overlaid text reads ""POV: You still wear Nike Tech in 2025."" The jarring side-by-side contrast between a man in an elevated, old-money-coded tan blazer-and-cream-trousers ensemble versus a man in a Nike Tech Fleece hoodie arms-crossed, framed by a massive kaleidoscopic geometric mural.",POV: You still wear Nike Tech in 2025
119,2026-05-01,reels,hqfran,https://www.instagram.com/p/DXyyR9BxlBa/,POV: you Batman'd a little too hard,"Feeling like Bruce Wayne ⚜️
.
@duttongarage 
.
.
.
.
#oldmoney #mensfashion #mercedes #gclass #batman",218478,69988,171,,,8.846,luxury-menswear,,,"A young man approaches, enters, and poses beside a matte-black Mercedes-AMG G63 parked outside a luxury car dealership (Dutton), with the caption ""POV: you Batman'd a little too hard"" overlaid throughout. The aggressively blacked-out AMG G63 — glossy black paint, black wheels, and sinister circular halo headlights — parked like the Batmobile outside a high-end dealership.",POV: you Batman'd a little too hard
120,2026-07-12,reels,hqfran,https://www.instagram.com/p/DasY9UtvK5b/,"""cars cannot have aura""","G-Wagon with crazy aura ⚜️
.
.
.
@duttongarage 
.
.
#oldmoney #mensfashion #mercedes #luxurylifestyle #gclass",177841,17552,48,,,5.933,luxury-menswear,,,"A matte-black Mercedes-AMG G63 is filmed from multiple angles — dead-on front, three-quarter side, and low front-corner — inside and outside a high-end dealership (Dutton), with the persistent on-screen caption ""cars cannot have aura"" serving as an ironic challenge. The fully blacked-out G63 stares directly into camera with glowing circular LED headlights and the ironic caption ""cars cannot have aura"" superimposed across its grille.","""cars cannot have aura"""
121,2026-06-27,reels,hqfran,https://www.instagram.com/p/DaFiHu1v0eu/,"Scroll break.
Enjoy the Mercedes ASMR","Like music to my ears ⚜️
.
.
.
.
.
.
#oldmoney #mensfashion #mercedes #asmr #mbcreator @mercedesbenz",42820,10765,41,,,9.2,luxury-menswear,,,"A person sits in a parked Mercedes-AMG and slowly runs their hand across the steering wheel, AMG buttons, and center touchscreen, showcasing the interior details while the text ""Scroll break. Enjoy the Mercedes ASMR"" appears on screen throughout. A hand gently grazes the glowing red AMG Sport+ buttons on the steering wheel while the MBUX screen displays a dramatic animated sports car graphic — pure tactile luxury on screen.","Scroll break.
Enjoy the Mercedes ASMR"
122,2026-07-15,reels,hqfran,https://www.instagram.com/p/Da0Ey2FOIkQ/,What if we just:,"Want to go on a roadtrip?
.
.
.
.
.
.
#oldmoney #mensfashion #mercedes #mbcreator #roadtrip @mercedesbenz",31869,3574,32,,,10.911,luxury-menswear,,,"A man stands between a blue Mercedes-AMG G-Class and a dark Mercedes-AMG GT coupe parked on a gravel desert road; the two cars then drive together through an arid open landscape as shots alternate between exterior convoy views and an interior POV through the G-Wagon's window, with the on-screen text ""What if we just:"" overlaid throughout. A strikingly mismatched Mercedes duo — a boxy blue G-Wagon and a sleek dark AMG GT — parked side by side on a remote desert gravel road under a vast blue sky.",What if we just:
123,2026-06-24,reels,hqfran,https://www.instagram.com/p/DZ-GQvpsSla/,the masculine urge to choose classy over flashy,"The best way ⚜️
.
.
.
.
.
#oldmoney #mensfashion #mercedes #oldmoneyaesthetic #luxurylifestyle",35868,3678,2,,,6.466,luxury-menswear,,,"A man sits in the passenger seat of a high-end Mercedes-Benz, slowly panning the camera across the rich cognac brown leather interior, center console, and steering wheel while holding a Goyard-cased phone. The deep cognac brown quilted leather seats and glossy black center console of the Mercedes interior glow against the dark cabin, with a Goyard phone case subtly visible — quiet luxury signaling at its peak.",the masculine urge to choose classy over flashy
124,2026-07-16,reels,hqfran,https://www.instagram.com/p/Da1ttllPk8V/,"be a man, choose classy over flashy","Classy always ⚜️
.
.
.
.
#oldmoney #mensfashion #mercedes #oldmoneyaesthetic #luxurylifestyle",194508,6963,7,,,7.3,luxury-menswear,,,"A man in a cream knit sweater sits in the driver's seat of a luxury Mercedes-Benz, handling what appears to be a Goyard card holder or phone case while the camera slowly pans across the richly appointed cognac leather interior. The rich cognac leather seats and Mercedes-Benz steering wheel fill the frame as the man's slim dress watch and Goyard accessory subtly signal quiet luxury alongside the on-screen text ""be a man, choose classy over flashy.""","be a man, choose classy over flashy"
125,2026-05-04,reels,hqfran,https://www.instagram.com/p/DX5hiG6AtTf/,classy over flashy,"The classiest ⚜️
.
.
.
.
.
#oldmoney #mensfashion #bentley #classy",170271,57882,41,,,7.777,luxury-menswear,,,"A person in a cream knit sweater sits in the driver's seat of a Bentley, panning and interacting with the interior controls while the text overlay ""classy over flashy"" remains on screen throughout. The Bentley winged emblem on the steering wheel centered in frame, surrounded by hand-stitched cream leather and a cluster of polished analog gauges, anchors the ""classy over flashy"" caption perfectly.",classy over flashy
126,2026-05-11,reels,hqfran,https://www.instagram.com/p/DYLg4iet9k5/,the urge to go classy over flashy,"Classy ⚜️
.
.
.
.
.
#oldmoney #mensfashion #mercedes #luxurylifestyle",147435,17618,16,,,8.01,luxury-menswear,,,"A person in a cream knit sweater and dark jeans sits in the driver's seat of a luxury Mercedes-Benz, casually exploring the interior — opening the center console, running a hand over the cognac leather seat, and holding a Goyard-patterned phone case — while on-screen text reads ""the urge to go classy over flashy."" Rich cognac leather seats and a Goyard phone case juxtaposed with a deliberately casual cream sweater and jeans, embodying the ""classy over flashy"" on-screen caption.",the urge to go classy over flashy
127,2026-05-06,reels,hqfran,https://www.instagram.com/p/DX_vrhrtjxm/,all you need is a ruby red GT,"Send this to someone who needs one ⚜️
.
@mercedesbenz 
.
.
.
.
.
#oldmoney #mensfashion #mercedes #luxurylifestyle #mbcreator",158547,45965,83,,,9.2,luxury-menswear,,,"A Mercedes-AMG GT coupe in ruby red (deep burgundy) finish is filmed in cinematic close-up and wide shots on a remote gravel road, with a person leaning against the car door in the final frame at dusk. The deep ruby red paint shifts between near-black and rich burgundy depending on the light, making the AMG GT look almost otherworldly against the golden-dusk desert landscape.",all you need is a ruby red GT
128,2026-07-13,reels,hqfran,https://www.instagram.com/p/DauJTXzvkKW/,the masculine urge to go classy over flashy,"Classy forever and ever ⚜️
.
.
.
.
.
.
#oldmoney #mensfashion #mercedes #luxurylifestyle",111353,4542,0,,,7.733,luxury-menswear,,,"A man in a cream knit sweater sits in the driver's seat of a luxury Mercedes-Benz, casually holding a Goyard-patterned phone case while the camera pans across the cognac leather interior, dashboard, and steering wheel. The rich cognac leather interior of the Mercedes contrasted against the man's minimalist cream sweater and a discreet Goyard phone case — quiet luxury made visual.",the masculine urge to go classy over flashy
129,2026-05-29,reels,itisbainz,https://www.instagram.com/p/DY6_sbJNLUH/,What if we just:,Living the dream,4199689,413122,372,,,9.843000411987305,luxury-menswear,,,"A couple drives an open-top orange Porsche 911 convertible along narrow, winding roads through a dramatic Scottish Highland landscape featuring mountains, a glassy loch, and pine forests at dusk, with the on-screen text ""What if we just:"" overlaid throughout. A POV shot from inside the open-top Porsche reveals a perfectly framed narrow road cutting between mountains and a mirror-still loch at dusk — one of the most cinematic driving roads imaginable.",What if we just:
130,2026-05-21,reels,itisbainz,https://www.instagram.com/p/DYm8qBmNLys/,A man of simple taste,All I need 🏅,1208304,88243,307,,,21.454999923706055,luxury-menswear,,,"A young man loads a Porsche-branded golf bag into the front trunk of a British-plated dark green Porsche 911, then drives it through suburban UK streets while wearing a luxury steel watch, before arriving at what appears to be a golf venue and putting on his golf glove. A garage housing two Porsche 911s — one dark green with a custom ""911 GB"" plate and one silver with a ""W4TKY"" plate — is revealed as the man carries a matching Porsche-branded golf bag, with on-screen text reading ""A man of simple taste.""",A man of simple taste
131,2026-05-20,reels,julesfrankenn,https://www.instagram.com/p/DYj9jzMiIPV/,Linen season has started..,"Stepping into linen season the right way @aurelien_official 

-
-

#luxury #menswear #menstyle #aurélien",46316,6093,73,,,10.6,luxury-menswear,,,"A tall young man showcases an all-linen summer outfit on a European city street, with shots cycling through close-ups of the fabric, a full-body pose against a brick wall, and detail shots of his footwear on stone steps. A full-length pose against a classic Amsterdam brick facade and black-framed window makes the crisp all-linen monochrome outfit pop in sharp midday sun, with rich brown suede loafers as the sole color contrast.",Linen season has started..
132,2026-06-12,reels,julesfrankenn,https://www.instagram.com/p/DZe1yRmi8VM/,After dark in London.,My mood🍸,45427,2695,49,,,11.265999794006348,luxury-menswear,,,"A man documents an upscale London night out, cutting between a mirror selfie on a grand mahogany staircase, a luxury car interior cruising past lit neoclassical buildings, a red double-decker bus at night, a immersive neon fragrance installation, an ornate cocktail bar adorned with classical sculptures, and a darkly lit room with deflated Spalding basketballs mounted as wall art. A full-length mirror selfie on a dark mahogany staircase inside what appears to be Ralph Lauren's flagship store, captioned ""After dark in London,"" sets the tone for a high-end night-out montage.",After dark in London.
133,2026-06-15,reels,julesfrankenn,https://www.instagram.com/p/DZm6t1uizcV/,pov:the goal never changed.,"Still chasing the same dream..

-

#porsche #luxury #cars #porschegt3rs",30244,8764,26,,,12.839,luxury-menswear,,,"A motivational lifestyle montage cuts from wild camels crossing a desert road in Dubai's outskirts — shot from a car's side mirror POV — to a white Porsche 911 GT3 RS being admired in a parking garage, driven at night, and finally parked against the glittering Dubai Emaar skyline, with the on-screen text ""pov: the goal never changed."" running throughout. A white Porsche 911 GT3 RS faces the camera dead-on in the dark, headlights blazing, with the illuminated Emaar towers of Dubai rising behind it — a jaw-dropping wealth flex against a world-class skyline.",pov:the goal never changed.
134,2026-06-06,reels,julesfrankenn,https://www.instagram.com/p/DZQOPiriPfk/,Bruce Wayne core,Mr.Bruce..,26613,5467,30,,,8.833,luxury-menswear,,,"A lifestyle montage cuts between the Burj Khalifa laser light show over the Dubai skyline, a man smoking a cigar in a darkened high-rise suite overlooking city lights, the blue ambient-lit interior of a luxury sedan, and a candlelit open-air fine-dining terrace at dusk — all captioned ""Bruce Wayne core."" The Burj Khalifa erupts with radiating blue laser beams cutting across the entire Dubai night sky, creating a superhero-lair aesthetic that anchors the ""Bruce Wayne core"" theme.",Bruce Wayne core
135,2026-07-08,reels,khaleelaqrabawi,https://www.instagram.com/p/Dai0KV6x0Au/,men are actually so simple,peak excitement,279336,6752,42,,,13.744000434875488,luxury-menswear,,,"A group of stylishly dressed men pick up a large pizza from a street stall, spontaneously kick a football on the pavement, and end up gathered together eating pizza slices outside a London shop, all captioned ""men are actually so simple."" Four stylish men in open-collar shirts and tailored trousers huddled around a Breadstall pizza box on a London street, each holding a slice — looking effortlessly happy with the simplest things.",men are actually so simple
136,2026-07-12,reels,khaleelaqrabawi,https://www.instagram.com/p/DasHDQWsm-t/,Tell us about the 'fit,Doesn’t get sharper than @khaleelaqrabawi London street-style look – one to follow & save for inspo…,390676,4885,53,,,12.533,luxury-menswear,,,"A well-dressed man is being interviewed on the street, breaking down each piece of his outfit brand by brand — Suitsupply blazer, Swedish-brand trousers, John Lobb loafers, and Moscot glasses — while a microphone branded ""SL.MAN"" is held to him. The deeply unbuttoned white shirt beneath a sharp houndstooth Suitsupply blazer creates a bold, high-low contrast that anchors the entire outfit breakdown.",Tell us about the 'fit
137,2026-07-10,reels,khaleelaqrabawi,https://www.instagram.com/p/DaoItEaxwEo/,rich in life because this is what a random weekday looks like,What a life 🏎️ 🍦,350268,7184,63,,,10.732999801635742,luxury-menswear,,,"Two well-dressed men walk side by side through a bright, modern open-air venue eating gelato cones, with a crowd of casually dressed tourists visible in the background. A sharply dressed man in a navy blazer eating a gelato cone smirks at the camera while a crowd of tourist-dressed bystanders mill around behind him, creating a stark style contrast.",rich in life because this is what a random weekday looks like
138,2026-07-06,reels,khaleelaqrabawi,https://www.instagram.com/p/Dadh8TXxr-1/,The goal is to get stupid rich. Me and bro already stupid so we're halfway there,On the way 🏎️☕️,792360,25578,419,,,11.305999755859375,luxury-menswear,,,"Two well-dressed men sit across from each other at a small outdoor café table, gesturing animatedly in conversation throughout the clip, with on-screen text reading ""The goal is to get stupid rich. Me and bro already stupid so we're halfway there."" Two impeccably styled men lounging at a chic café look every bit the part of ""stupid rich"" while the self-aware, humorous caption undercuts the opulence on screen.",The goal is to get stupid rich. Me and bro already stupid so we're halfway there
139,2026-07-20,reels,khaleelaqrabawi,https://www.instagram.com/p/DbA4a5ZNaYh/,Whoever punches harder has to call their ex,We dont make the rules 🤷🏽‍♂️,386968,6046,63,,,27.676000595092773,luxury-menswear,,,"Two men take turns punching an arcade boxing machine (branded ""Boxer"" by Bakar Games) as part of a dare — whoever scores higher must call their ex — with the scoreboard displaying scores of 679 and 749 against a maxed-out record of 999, culminating in one man doing a mischievous ""shh"" gesture to camera. The arcade scoreboard flashing 749 with a maxed RECORD of 999 while on-screen text reads ""Whoever punches harder has to call their ex"" — making the high score a punishment, not a prize.",Whoever punches harder has to call their ex
140,2026-07-02,reels,khaleelaqrabawi,https://www.instagram.com/p/DaTBCaIt1qq/,Aura bankruptcy,"Need an Aura refund after this one 
.
#mensfashion #ootd #menswear #mensstyle #mensoutfitideas",492904,16736,158,,,14.347999572753906,luxury-menswear,,,"Two stylishly dressed young men joke around under a grand columned portico — one confidently posed in a blue shirt and cream trousers, the other in a pinstripe blazer — as a wardrobe malfunction (the cream trousers visibly slipping/falling) unfolds, with the text ""Aura bankruptcy"" overlaid throughout. The ultra-confident, sunglasses-wearing man in cream wide-leg trousers is caught laughing and visibly struggling to hold his falling pants up in front of a grand neoclassical colonnade — the ultimate ""aura bankruptcy"" moment.",Aura bankruptcy
141,2026-05-28,reels,khaleelaqrabawi,https://www.instagram.com/p/DY4qZ-NN2Xk/,wearing a t-shirt because being fit is the fit,Suns out pythons out,789963,25098,92,,,10.70199966430664,luxury-menswear,,,"A muscular young man in a fitted navy t-shirt sits at a white-tablecloth outdoor restaurant table, talking to camera and sipping from a clear glass, with the on-screen caption ""wearing a t-shirt because being fit is the fit."" His visibly muscular arms and chest straining against a plain navy t-shirt at a white-tablecloth restaurant table, paired with the caption ""wearing a t-shirt because being fit is the fit,"" makes the minimalist outfit choice the punchline.",wearing a t-shirt because being fit is the fit
142,2026-06-10,reels,khaleelaqrabawi,https://www.instagram.com/p/DZbKgtSIDtT/,POV: you stopped dressing like a teenager,how gentlemen should dress 🍋☀️,1788527,392967,4848,,,12.733,luxury-menswear,,,"A men's fashion montage showing the same dark-haired, bearded man cycling through multiple outfits — from a Guns N' Roses graphic tee with cargo pants on a cobblestone London street, to a relaxed open denim shirt at a sunlit garden, to a sharp charcoal double-breasted suit on a city street, to a tan double-breasted suit with polka-dot tie at a tropical terrace, and finally a crisp open-collar white linen shirt on a seaside balcony. The stark contrast between the opening Guns N' Roses graphic tee on a grand London townhouse square and the later impeccably tailored double-breasted suits sells the ""glow-up"" premise instantly.",POV: you stopped dressing like a teenager
143,2026-05-19,reels,khaleelaqrabawi,https://www.instagram.com/p/DYhR0ZltXew/,the art of dressing for summer,the art of dressing for summer as a gentleman ☀️⚜️🌊,1942480,231434,2703,,,21.338,luxury-menswear,,,"A bearded man with curly dark hair cycles through multiple summer outfit looks — from a black open-collar shirt and cream trousers at a nighttime social event, to a sand-colored double-breasted suit outdoors, a breezy open linen shirt with a cigar, a white blazer over a black shirt with sunglasses, a light blue linen shirt carried casually, a white shirt with cream trousers by a coastal floral backdrop, and a dark blazer with white trousers seated at an upscale café terrace. A smiling man in a white linen shirt and cream trousers stands before a sea-view backdrop bursting with red and pink blooming flowers, blazer dangling from one hand — the definitive summer style money shot.",the art of dressing for summer
144,2026-07-13,reels,m.iles,https://www.instagram.com/p/DaugUTrOZgx/,men only want one thing in life...,is there anything more sexy than a @porsche_gb 356 speedster ?,90797,2725,25,,,10.47,luxury-menswear,,,"A young man stands alone in front of a grand English manor at dusk, then crouches down to retrieve or adjust something at the rear of a cherry-red vintage Porsche 356 Speedster convertible before climbing into it. A gleaming cherry-red vintage Porsche 356 Speedster convertible parked on the gravel drive of a castle-like English manor at blue hour — revealed as the punchline to the ""men only want one thing"" text overlay.",men only want one thing in life...
145,2026-07-23,reels,m.iles,https://www.instagram.com/p/DbJAcPAoP69/,POV: that one friend who's easily convinced to go for after work pints,nothing better than a thirsty Thursday with the boys,473589,12498,50,,,15.32,luxury-menswear,,,"Three suited men in business attire ride an electric moped together through London streets, with one driving, one riding pillion, and a third joining mid-video — arms outstretched, laughing and gesturing wildly as they speed away through an intersection near ""The Cut"" in Waterloo/Southwark. Three full-grown men in business suits crammed onto one tiny moped, speeding through a London intersection with arms flung wide open.",POV: that one friend who's easily convinced to go for after work pints
146,2026-07-23,reels,m.iles,https://www.instagram.com/p/DbI-FVPq65D/,POV: The boys pulling up to the function...,Aura 🤝,871166,25275,269,,,14.602999687194824,luxury-menswear,,,"Four well-dressed young men in dark suits and ties arrive at a London street-side venue by riding together on a single fat-tire electric bike, then dismount and straighten their suits outside a pub with outdoor seating. All four suited men are crammed onto a single small fat-tire electric bike riding through central London traffic, one standing on the pegs while the others stack on the seat.",POV: The boys pulling up to the function...
147,2026-07-08,reels,m.iles,https://www.instagram.com/p/DaiBdOgOAAZ/,"""you look happy"" thanks i got us moved to the table i wanted",you can get whatever you want when wearing a @signetsunday French Linen Shirt,341295,9188,78,,,6.267000198364258,luxury-menswear,,,"A well-dressed young man holds a glass of white wine on a luxury lakeside terrace framed by a bright orange-yellow parasol, with a mountain lake and alpine peaks visible behind him, while on-screen text reads ""you look happy"" / ""thanks i got us moved to the table i wanted."" A smugly composed man in resort-wear sips white wine against a stunning alpine lake panorama while bold yellow text delivers a deadpan one-liner about scheming his way to the best table.","""you look happy"" thanks i got us moved to the table i wanted"
148,2026-07-23,reels,m.iles,https://www.instagram.com/p/DbJLVO8uX2o/,POV: your mate says he can give you a lift but doesn't specify...,better than taking the bus I guess…,32351,352,2,,,7.01,luxury-menswear,,,"Three suit-wearing men ride a single small electric moped together through a busy London street, with on-screen text reading ""POV: your mate says he can give you a lift but doesn't specify..."" Three fully suited men crammed onto a single tiny electric moped riding down a London road, ties flapping and legs dangling.",POV: your mate says he can give you a lift but doesn't specify...
149,2026-07-05,reels,m.iles,https://www.instagram.com/p/DaaeDm7oi8V/,wearing something basic because the paddock pass is the fit,this is what I mean when I say “let’s go for a walk”,108222,1321,3,,,5.933000087738037,luxury-menswear,,,"A young man with an F1 paddock pass scans into the paddock, walks through it with a companion, and poses in front of a Pirelli wall holding a racing helmet while seated on the ground. The man sits on the ground in front of a giant Pirelli branding wall, holding a black racing helmet over his face — the paddock pass visibly dangling around his neck — treating the exclusive access itself as the ultimate fashion accessory.",wearing something basic because the paddock pass is the fit
150,2026-07-05,reels,m.iles,https://www.instagram.com/p/DaaOimrunqk/,Clever Ways Formula 1 Actually Makes Money,some fun finance facts about @f1 direct from the @revolut suite at @silverstonecircuit,99360,1772,9,,,40.099998474121094,luxury-menswear,,,"A young man holding a coffee cup and a champagne flute stands on a VIP hospitality terrace overlooking the Silverstone F1 pit lane, gesturing to camera while captions explain how Formula 1 generates revenue through race promoters, sponsorship deals, and hosting fees. The speaker delivers F1 finance facts — including a £300m hosting deal — while casually holding both a coffee and a champagne glass directly above the Silverstone pit lane, with DHL, Pirelli, Revolut, and Las Vegas GP branding visible in the background.",Clever Ways Formula 1 Actually Makes Money
151,2026-06-16,reels,m.iles,https://www.instagram.com/p/DZp_FsoIswL/,What The Material Of Your Bank Card Says About You,"ad nothing beats the sound of a titanium card that’s made out of the same material as the audi @revolut f1 team car 😎

Revolut Bank UK Ltd (https://revolut.com) is registered in England and Wales (Registered No. 12871051). 
Authorised by the Prudential Regulation Authority and regulated by the Financial Conduct Authority and Prudential Regulation Authority (Financial Services Register No. 981170)",336724,5285,42,,,58.35,luxury-menswear,,,"A young man in a black sweater walks through the Canary Wharf financial district, holding a bank card up to camera while speaking into a handheld microphone, riffing on what different bank card materials say about men in the area. The presenter holds a bank card directly up to the camera against the backdrop of Canary Wharf's towering financial skyscrapers, instantly signalling a wealth-status provocation.",What The Material Of Your Bank Card Says About You
152,2026-07-23,reels,m.iles,https://www.instagram.com/p/DbJKSGLIN2B/,how it feels to reunite with the drinking squad,we’re so back,2178576,54522,138,,,6.6,luxury-menswear,,,"Three young men in dark business suits ride a single fat-tire electric bike together on a city street before dismounting and posing near a pub's outdoor seating area, with the on-screen caption ""how it feels to reunite with the drinking squad."" Three grown men crammed onto one small e-bike in full suits, stacking on top of each other in the middle of a London road.",how it feels to reunite with the drinking squad
153,2026-07-19,reels,philipdeml,https://www.instagram.com/p/Da_JFCMoAoN/,"You & Me
Building an Empire.","Working together, so we can enjoy the life we once dreamed of.",210926,10216,109,,,6.105000019073486,luxury-menswear,,,"A well-dressed couple gets ready in a sleek modern bathroom, then the video cuts to a gold bellhop luggage cart stacked with designer suitcases in an ornate hotel lobby, and finally to a candlelit fine-dining room with marble columns and a black-and-white checkered floor, with the text overlay ""You & Me Building an Empire."" throughout. A gold-arched bellhop cart stacked with matching designer luggage glows under warm sconce lighting in a palatial hotel lobby, signaling an elite lifestyle on the move.","You & Me
Building an Empire."
154,2026-05-19,reels,philipdeml,https://www.instagram.com/p/DYhyKGwozpz/,"POV: it's 2001, you sold your stocks before the dot-com crash and bought a BMW Alpina B12. because back then success came with 12 cylinders.",Executive nostalgia. #nostalgiavibes #bmw #bmwalpina #luxurylifestyle,254734,10123,70,,,6.01200008392334,luxury-menswear,,,"A well-dressed man in a dark suit and sunglasses drives a BMW Alpina B12 on a scenic mountain highway, transitioning from gripping the wheel to talking on a vintage brick mobile phone, with on-screen text framing the scenario as a 2001 dot-com-era wealth fantasy. The man smirks while holding a chunky late-90s brick mobile phone to his ear as he steers the wood-trimmed BMW Alpina through mountain scenery — a deliberate Y2K power-flex frozen in time.","POV: it's 2001, you sold your stocks before the dot-com crash and bought a BMW Alpina B12. because back then success came with 12 cylinders."
155,2026-07-16,reels,philipdeml,https://www.instagram.com/p/Da3KNpoIhPs/,People think twice before they buy a fragrance. I buy twice before I think. We are not the same.,Just one more bottle. I promise. #perfumes #fragrances,524194,21242,182,,,6.034999847412109,luxury-menswear,,,"A well-dressed man in a dark navy double-breasted suit applies fragrance to his wrist and neck inside an upscale grooming shop, with on-screen text reading ""People think twice before they buy a fragrance. I buy twice before I think. We are not the same."" A sharp, suited man applies fragrance to his pulse points in a moody barbershop while bold self-deprecating text admits he buys twice before he thinks.",People think twice before they buy a fragrance. I buy twice before I think. We are not the same.
156,2026-05-22,reels,philipdeml,https://www.instagram.com/p/DYpmA_yIoTZ/,Let this chocolate brown Countach heal your algorithm.,chocolate brown Countach 😮‍💨 #lamborghini #countach #concorsodeleganzavilladeste,1132271,130481,403,,,8.065999984741211,luxury-menswear,,,"A chocolate brown Lamborghini Countach is showcased at what appears to be a concours d'elegance event, with close-up detail shots of its bodywork, vents, and taillights intercut with a woman in dark sunglasses reflected in the car's window and well-dressed attendees examining the car. The rare chocolate brown paint of the Lamborghini Countach gleams under direct sunlight, reflecting a stylish woman in dark sunglasses through the scissor-door window glass.",Let this chocolate brown Countach heal your algorithm.
157,2026-07-09,reels,philipdeml,https://www.instagram.com/p/DalC4x1oy0W/,It's all cringe until they copy you.,"Normal is just the most accepted form of average.

Build anyway.

#founder #entrepreneur #brandbuilding #businessmindset",302857,22658,96,,,9.680999755859375,luxury-menswear,,,"A montage of old-money luxury lifestyle moments — a well-dressed man exiting a vintage Lamborghini Countach, the same car displayed at what appears to be a Concorso d'Eleganza-style event, an elegantly dressed group entering a grand Italian villa at dusk, a backgammon board styled with niche perfume bottles and espresso, and a dark-suited man lounging on a floral sofa holding a whiskey glass — all overlaid with the text ""It's all cringe until they copy you."" A 1974 Lamborghini Countach in deep oxblood brown with its scissor door open, parked against an ivy-covered Italian villa wall with an event placard reading ""1974 Lamborghini Countach LP500.""",It's all cringe until they copy you.
158,2026-05-08,reels,philipdeml,https://www.instagram.com/p/DYFpWrZIUXQ/,Hot take: men who only spray 3 times probably also order matcha.,Be remembered. #fragrances #gentlemanstyle,381061,32288,346,,,6.941,luxury-menswear,,,"A well-dressed man in a dark navy double-breasted suit applies cologne, gesturing across his neck, wrist, and chest in a styled barbershop or men's grooming boutique, while an on-screen caption reads ""Hot take: men who only spray 3 times probably also order matcha."" A sharply suited man demonstrating an exaggerated cologne-spraying ritual in a luxury barbershop while a polarizing ""hot take"" caption mocks men who only spray 3 times.",Hot take: men who only spray 3 times probably also order matcha.
159,2026-07-26,reels,rowanrow,https://www.instagram.com/p/DbQ1jJ9qb6U/,Dress code: Ibiza dinner,Ibiza dinner attire. Keep it effortless 🥂,72373,2230,45,,,10.842000007629395,luxury-menswear,,,"A well-built bearded man in an all-white outfit poses and walks around a luxury outdoor dining area, holding a wine glass, with on-screen text reading ""Dress code: Ibiza dinner."" The man's head-to-toe crisp white outfit — sheer ribbed polo, pleated shorts, and suede loafers — against the backdrop of a lavishly set al-fresco dinner table at a Mediterranean villa.",Dress code: Ibiza dinner
160,2026-07-13,reels,rowanrow,https://www.instagram.com/p/DaugoiWKsFr/,Dress code: Black tie,Getting ready for a black tie event never gets old 🖤,310000,13273,141,,,36.24399948120117,luxury-menswear,,,"A shirtless, muscular bearded man in a luxury hotel room progressively dresses in black-tie formalwear — pulling tuxedo trousers off a hanger, stepping into them, buttoning a pleated white dress shirt, and finally strapping on a two-tone gold-and-steel Rolex Datejust watch, all while the on-screen text reads ""Dress code: Black tie."" A two-tone gold Rolex Datejust held at close range against a crisp white tuxedo shirt, paired with a gold signet ring — an unmistakable flex mid-dressing routine.",Dress code: Black tie
161,2026-07-17,reels,rowanrow,https://www.instagram.com/p/Da5ShgFq1co/,Don't ditch the BOSS. Become the BOSS.,BOSS isn’t just a label. It’s a lifestyle.,192240,4336,77,,,16.33300018310547,luxury-menswear,,,"A couple transforms from hotel-room casualwear — towel, bathrobe, and bare skin — into sharp coordinated suits in a rapid get-ready montage set inside a luxury hotel room, with the on-screen text ""Don't ditch the BOSS. Become the BOSS."" persistent throughout. The dramatic before-and-after reveal: the man goes from shirtless in a towel multitasking on a laptop to standing in a polished brown double-breasted suit with sunglasses, while the woman transitions from a bathrobe to a tailored beige blazer set — both posing side by side as a power couple.",Don't ditch the BOSS. Become the BOSS.
162,2026-07-23,reels,rowanrow,https://www.instagram.com/p/DbIbsItK0ml/,Dress code: Ibiza dinner,"I’ve planned quite a few dinner outfits for Ibiza, so here’s the first one❤️ Let me know your thoughts👇🏼",240713,6330,159,,,30.700000762939453,luxury-menswear,,,"A fit, bearded man gets dressed outdoors, progressing from white boxer briefs to red trousers and a white linen shirt with suede loafers, staging each garment on rustic wooden doors flanking a glass entryway, under the on-screen text ""Dress code: Ibiza dinner."" A shirtless, visibly muscular man dramatically lifts bold red trousers off a hanger before pulling them on, with a crisp white linen shirt and tan Hugo Boss suede loafers staged beside him — the full Ibiza dinner look revealed piece by piece.",Dress code: Ibiza dinner
163,2026-07-06,reels,rowanrow,https://www.instagram.com/p/DaccxJ9Kzjl/,Dress code: British GP,"GRWM for British GP race day 🏁 🏎️ with @youtube @youtubecreators #YouTubeCreatorCollective

Full Look 👇🏼 

Suit @collarsandcuffs 
Fragrance @bdkparfumsparis 
Shades @ysl",4787182,148733,580,,,32.9010009765625,luxury-menswear,,,"A muscular, dark-haired man with a beard gets dressed in a matching burgundy linen shirt-and-trouser co-ord set, finishing the look with dark suede loafers with yellow soles, while Formula 2 racing plays on a TV in the background — the on-screen text reads ""Dress code: British GP"" throughout. The man starts shirtless in white boxers holding burgundy trousers and jacket on hangers, then fully transforms into a sharp matching co-ord look — with F2 racing live on the TV behind him the entire time.",Dress code: British GP
164,2026-06-13,reels,rowanrow,https://www.instagram.com/p/DZhaAOFKwDZ/,The one with the keys makes the rules.,Rule no1: The one with the keys is always right 😅,921683,36997,108,,,20.732999801635742,luxury-menswear,,,"A young couple interact animatedly in front of a dark-green supercar parked on a gravel driveway, with a caption ""The one with the keys makes the rules"" overlaid throughout; the video ends with the woman walking up to and apparently taking possession of the car. A dark-green Aston Martin supercar with neon-yellow brake calipers sits parked against a sprawling ivy-covered French manor, with the woman ultimately walking toward it as the one holding the keys.",The one with the keys makes the rules.
165,2026-06-18,reels,rowanrow,https://www.instagram.com/p/DZubwANT3Cd/,Dress code: Royal Ascot,"Get ready with me for Royal Ascot 🐎 

#RoyalAscot",627713,24179,408,,,33.57400131225586,luxury-menswear,,,"A fit, bearded man gets dressed step by step for Royal Ascot, progressing from underwear through each garment — white dress shirt, grey trousers, sage-green patterned tie, polished black Oxford shoes, a double-breasted sage-green waistcoat — and finally holds up a vintage Omega watch on a black crocodile strap. The contrast of a shirtless, visibly muscular physique in the opening frame against the increasingly refined Royal Ascot morning dress — culminating in a close-up reveal of a vintage Omega watch — makes the transformation arc instantly thumb-stopping.",Dress code: Royal Ascot
166,2026-05-09,reels,rowanrow,https://www.instagram.com/p/DYHnm9tKXrx/,6 Old Money Outfits Every Man Needs,6 Luxury Looks For Modern Gentlemen,1262784,66296,156,,,10.401000022888184,luxury-menswear,,,"A bearded man cycles through six distinct ""old money"" menswear outfits — including a navy double-breasted suit with a patterned tie and gold watch, a houndstooth blazer over a white tee with ivory trousers, a glen-plaid double-breasted suit worn under a herringbone overcoat, a cream cricket V-neck sweater with a striped tie and white pleated trousers, and a dark forest-green pinstripe double-breasted suit with a sage green tie — each look presented as a close-cropped torso shot with on-screen title text in the first frame. A forest-green pinstripe double-breasted suit paired with a sage silk tie and a dress watch — an unusually bold colour choice that instantly commands attention.",{N} Old Money Outfits Every Man Needs
167,2026-07-11,reels,rsimacourbe,https://www.instagram.com/p/Dapkqy2g8nL/,The goal is James Bond. Not Cbum.,😮‍💨,844722,55681,220,,,8.733,luxury-menswear,,,"A well-dressed man in a dark suit arrives at and poses beside a silver Mercedes-AMG GT coupe in front of an ivy-covered French château, with shots cutting between him exiting the car, an interior POV of the AMG steering wheel, and the car driving up a tree-lined gravel road trailing dust. A suited man leans against a silver Mercedes-AMG GT parked in front of a sprawling ivy-draped French château, with the on-screen text reading ""The goal is James Bond. Not Cbum.""",The goal is James Bond. Not Cbum.
168,2026-07-03,reels,rsimacourbe,https://www.instagram.com/p/DaUkclTAPpD/,"""Do you want to go camping ?"" Me:",I’m good here thanks 🇬🇷👌🏻,1154588,53603,363,,,10.633000373840332,luxury-menswear,,,"A well-dressed young man seated at a fine-dining outdoor table reacts with bemused, deadpan expressions to the on-screen text prompt ""Do you want to go camping? Me:"" — turning from gazing at the sea to facing the camera with a smirk and raised finger, implying a sarcastic ""no"" via his luxurious surroundings. A strikingly handsome man sits at a white-tablecloth cliffside dinner table against a blazing orange Santorini sunset, delivering a deadpan stare directly into the camera as the word ""camping"" hovers above him.","""Do you want to go camping ?"" Me:"
169,2026-07-26,reels,rsimacourbe,https://www.instagram.com/p/DbQYeIyg8Ws/,This & no plan.,No plan is the plan🤌🏻,51180,2205,31,,,9.68,luxury-menswear,,,"A young man reclines fully stretched out inside a wooden rowboat drifting on a vivid turquoise alpine lake, gazing upward with hands crossed on his chest while a pine-covered cliff looms behind him and the on-screen text reads ""This & no plan."" The man's fully reclined, eyes-skyward pose inside a gleaming wooden rowboat against impossibly turquoise water and a towering forest cliff creates an instantly enviable, postcard-perfect freeze frame.",This & no plan.
170,2026-07-23,reels,rsimacourbe,https://www.instagram.com/p/DbIUR1VAE8G/,Italian style🇮🇹,The best style 😮‍💨🤌🏻,178725,7163,47,,,8.565999984741211,luxury-menswear,,,"A well-groomed man models multiple linen and knit outfits across iconic Mediterranean locations — Santorini cliffs, an Amalfi Coast street, a Cannes promenade at sunset, and a flower-draped boutique exterior — with ""Italian style 🇮🇹"" overlaid on each clip. The man strides past the iconic blue-domed church of Santorini in an unbuttoned linen shirt, gold chain gleaming — the perfect embodiment of effortless Mediterranean style.",Italian style🇮🇹
171,2026-07-25,reels,rsimacourbe,https://www.instagram.com/p/DbN0mBUgttt/,"""Do you want to go camping ?"" Me:",Go what?😅,88378,3205,54,,,10.61,luxury-menswear,,,"A shirtless man wrapped in a white towel moves between standing and sitting on a wooden balcony overlooking a vivid turquoise alpine lake surrounded by mountains and pine trees, holding a drink, with on-screen text reading ""Do you want to go camping?"" / ""Me:"" A nearly-naked man reclines feet-up on a balcony chair with a steaming mug, framed by a jaw-dropping turquoise alpine lake — the punchline to ""Do you want to go camping?""","""Do you want to go camping ?"" Me:"
172,2026-07-15,reels,rsimacourbe,https://www.instagram.com/p/Da08oc6ABp6/,This & no stress...,😮‍💨,496678,23920,176,,,9.066,luxury-menswear,,,"A shirtless, athletic man in white linen trousers and sunglasses poses and moves casually on a cliffside terrace overlooking a vast, calm blue sea with dramatic rocky cliffs in the background, while on-screen text reads ""This & no stress..."" A chiseled, tanned man with visible abs stands shirtless against an infinite deep-blue Aegean Sea backdrop with the caption ""This & no stress..."" floating over the frame.",This & no stress...
173,2026-07-18,reels,rsimacourbe,https://www.instagram.com/p/Da8VDonAOZQ/,pov: driving a vespa with the love of your life in amalfi coast,🫶🏻,343827,16980,8,,,7.5,luxury-menswear,,,"A first-person POV shot of someone riding a bright yellow Vespa scooter through the narrow, sun-drenched streets of Positano on the Amalfi Coast, weaving past colorful buildings, pedestrians, and lush trees with the Mediterranean cliffside visible in the background. The vivid yellow Vespa dashboard fills the foreground as the iconic pastel-colored cliffside village of Positano opens up at the end of the narrow street ahead.",pov: driving a vespa with the love of your life in amalfi coast
174,2026-07-23,reels,rsimacourbe,https://www.instagram.com/p/DbJC2NKAuLb/,man saw this: and decided to dress streetwear,Like seriously?😂,132973,4582,19,,,9.913,luxury-menswear,,,"A well-dressed man in a sharp double-breasted navy suit exits and strides away from a silver Mercedes sports car in front of a grand stone castle, with on-screen text reading ""man saw this: and decided to dress streetwear."" An impeccably suited man leaning against a silver Mercedes AMG GT in front of a medieval stone château — paired with the ironic caption that someone saw this and chose to wear streetwear instead.",man saw this: and decided to dress streetwear
175,2026-07-16,reels,rsimacourbe,https://www.instagram.com/p/Da3fJwKA6HZ/,Wearing a t-shirt because being fit is the fit,😮‍💨,236060,7856,70,,,11,luxury-menswear,,,"A fit, well-groomed man in a white fitted t-shirt sits at a busy Parisian-style outdoor café terrace, smiling and posing casually with an Aperol Spritz, while an on-screen caption reads ""Wearing a t-shirt because being fit is the fit."" The man's noticeably muscular physique straining his plain white t-shirt — paired with an Aperol Spritz and a smug grin — makes the self-aware caption land as both a joke and a flex.",Wearing a t-shirt because being fit is the fit
